message,category,label,urgency,financial_request,personal_info_request,suspicious_link,threat_language,reward_promise,source,sender_type
"Hi mom, I dropped my phone in the sink and it's completely dead. This is my new temporary number. Can you please text me on WhatsApp when you see this?",Child Game Scam,1,No,No,No,No,No,No,SMS,Individual
"Hey Mum, I urgently need to pay a bill today but my new bank app isn't set up yet on this replacement phone. Can you transfer $450 for me? I'll repay you tomorrow morning!",Child Game Scam,1,Yes,Yes,No,No,No,No,WhatsApp,Individual
Hi dad! Lost my phone at college today so using a friend's phone. I need $180 for textbook fees right away or I can't enter class. Transfer to this card: 4012-3321-9981,Child Game Scam,1,Yes,Yes,No,No,Yes,No,SMS,Individual
Congratulations! Your child has been selected for our national youth modeling program! Claim your kid's audition spot now by filling out the form at http://kid-stars-auditions.com,Child Game Scam,1,No,No,Yes,Yes,No,Yes,Email,Company
"Hey Mum, my phone got stolen on the train. I'm using a temporary phone. Can you send $600 to my roomate's account? I have an urgent tuition fee due before 5pm.",Child Game Scam,1,Yes,Yes,No,No,Yes,No,WhatsApp,Individual
URGENT SCHOOL NOTICE: Outstanding balance of $120 found for your child's field trip. Pay immediately via http://school-fee-portal-pay.com to avoid exclusion.,Child Game Scam,1,Yes,Yes,No,Yes,Yes,No,SMS,Company
"Hey dad, I'm stuck at the station and my card got declined. Can you pay this $35 train ticket link for me real quick? http://transit-ticket-pass.com/pay",Child Game Scam,1,Yes,Yes,No,Yes,No,No,SMS,Individual
Your child's school portal login credentials need to be re-verified due to system update. Update student profile and parent identity details at http://school-parent-verify.org,Child Game Scam,1,No,No,Yes,Yes,No,No,Email,Company
"Hi mom, it's me. My phone broke. Please don't call this number just text me back here. I really need help with rent money today.",Child Game Scam,1,Yes,Yes,No,No,No,No,SMS,Individual
"Get 10,000 free Roblox Robux for your kid! Complete this quick 2 minute survey and enter your account password at http://free-robux-kids-reward.net",Child Game Scam,1,No,No,Yes,Yes,No,Yes,WhatsApp,Unknown
"Hey mum, lost my wallet and phone today... borrowed a stranger's phone to msg u. Could you send $300 to my paypal? Here's the link http://paypal-me-transfer-request.com",Child Game Scam,1,Yes,Yes,No,Yes,No,No,WhatsApp,Individual
"Dear Parent, your child was involved in a minor accident. Medical fees of $850 required immediately before treatment. Call emergency coordinator at 555-0199",Child Game Scam,1,Yes,Yes,No,No,Yes,No,SMS,Unknown
Hi dad! I changed my number. Please save this as my new contact and delete the old one. Btw can you transfer $150 for my groceries? my bank card is locked.,Child Game Scam,1,No,Yes,No,No,No,No,WhatsApp,Individual
"Hi Parents, win a $1,000 scholarship for your child's education! Register your child's details and full identity proof at http://scholars-grant-apply.com",Child Game Scam,1,No,No,Yes,Yes,No,Yes,Email,Unknown
"Hey mom, I lost my phone at the mall. Text me on this number now! Also can u pay my laptop repair bill of $210? Link is http://tech-repair-checkout.com",Child Game Scam,1,Yes,Yes,No,Yes,No,No,SMS,Individual
Urgent: Your child's daycare tuition is past due by 3 days. Late fees will apply at midnight. Clear balance now: http://daycare-billing-pay.com,Child Game Scam,1,Yes,Yes,No,Yes,Yes,No,Email,Company
"Hey Dad, my phone fell in water during lab practice. Borrowing my friend's device. Can you send $500 for my rent payment today? I will explain everything later.",Child Game Scam,1,Yes,Yes,No,No,No,No,WhatsApp,Individual
"Dear Parent, your son/daughter qualifies for a free Disney audition. Upload their photo and parent ID card to complete registration: http://disney-talent-scout.com",Child Game Scam,1,No,No,Yes,Yes,No,Yes,Email,Company
"Hi mum, I need to pay for a medical prescription right now but my bank app is blocked on my new phone. Can u pay $95 to this zelle number?",Child Game Scam,1,Yes,Yes,No,No,No,No,WhatsApp,Individual
Hi Mum! Broke my phone glass so cant receive calls. Can you transfer $400 to my account? I need to pay my landlord today otherwise he will kick me out 😭,Child Game Scam,1,Yes,Yes,No,No,Yes,No,WhatsApp,Individual
Child Care Subsidy Alert: Your monthly child benefit refund of $350 is ready. Verify your bank account and national ID details at http://child-subsidy-gov.org,Child Game Scam,1,No,Yes,Yes,Yes,No,Yes,Email,Government
"Hey dad, new number! Lost my phone yesterday. Could you pay this invoice of $280 for my uni project materials? Link: http://uni-store-pay.com",Child Game Scam,1,No,Yes,No,Yes,No,No,SMS,Individual
"Hey mom, I got into a car bump and need $500 right now to settle with the driver before police comes. Please send to my friend's Venmo!!",Child Game Scam,1,Yes,Yes,No,No,Yes,No,WhatsApp,Individual
"Dear Customer, your child's online gaming subscription charged $299.99 today. To cancel this charge immediately, call customer support at 1-800-555-0144",Child Game Scam,1,Yes,Yes,No,No,No,No,Email,Company
"Hi mom, I lost my phone at the gym. Using a temp device. Can you text me on WhatsApp here? I also need $120 for my phone insurance deductible.",Child Game Scam,1,No,Yes,No,No,No,No,SMS,Individual
Hey Dad! Free Fortnite V-Bucks giveaway for students! Claim 5000 V-Bucks for your kid now by logging in at http://fortnite-vbucks-claim.net,Child Game Scam,1,No,No,Yes,Yes,No,Yes,WhatsApp,Unknown
"Hi Mum, I lost my phone on campus. Can you please pay my dorm wifi bill of $60? If I don't pay in 1 hour they will disconnect my internet during finals week!",Child Game Scam,1,Yes,Yes,No,No,Yes,No,WhatsApp,Individual
Notice: Your child's vaccination record needs immediate updating. Submit birth certificate and parent passport copy at http://health-child-records.gov.org,Child Game Scam,1,Yes,No,Yes,Yes,Yes,No,Email,Government
Hi mom! It's me. My phone got stolen at the station. Plz reply to this text ASAP. I need emergency cash for a hostel room tonight!,Child Game Scam,1,Yes,Yes,No,No,No,No,SMS,Individual
"Hey dad, I lost my phone so texting from my classmate's number. Can you send $220 to this cashapp tag $AlexPay99 so I can buy a cheap temporary phone?",Child Game Scam,1,No,Yes,No,No,No,No,WhatsApp,Individual
Parent Warning: Unregistered access detected on your child's school learning portal. Update your password and security pin at http://student-portal-sec.com,Child Game Scam,1,Yes,No,Yes,Yes,Yes,No,Email,Company
Hi Mum! My phone battery swelled up so I got a new phone and number. Can you please send $350 for my groceries this week? My new card hasn't arrived yet.,Child Game Scam,1,No,Yes,No,No,No,No,WhatsApp,Individual
Your kid has won a $250 LEGO gift set! Claim your prize now by providing your shipping address and $2 delivery fee at http://lego-kids-rewards.com,Child Game Scam,1,No,Yes,Yes,Yes,No,Yes,Email,Unknown
"Hi dad, dropped my phone in water. Can you send me $180 via this link? Need to pay my electricity bill before 6 PM or they cut power. http://pay-fast-util.com",Child Game Scam,1,Yes,Yes,No,Yes,Yes,No,SMS,Individual
Hey mom! I lost my phone and wallet at the airport. I'm using a friendly stranger's phone. Can you send $400 for a flight ticket home?,Child Game Scam,1,Yes,Yes,No,No,No,No,WhatsApp,Individual
"Emergency Notification: Your child has been admitted to City Hospital. Immediate deposit of $1,000 required. Pay via online portal: http://hospital-care-pay.com",Child Game Scam,1,Yes,Yes,No,Yes,Yes,No,SMS,Unknown
"Hi Mum, new number! My old phone was stolen. Can you please pay my phone bill of $85 so I don't lose my line? Pay here: http://mobile-bill-pay-now.com",Child Game Scam,1,Yes,Yes,No,Yes,Yes,No,SMS,Individual
"Hey Dad, my phone broke during soccer practice. Borrowing coach's phone. Need $150 for urgent repair. Transfer to account 9981-2234-1100",Child Game Scam,1,Yes,Yes,No,No,No,No,SMS,Individual
"Dear Parent, register your child for the National Math Olympiad and win a $5,000 college fund! Enter student details at http://math-olympiad-grant.org",Child Game Scam,1,No,No,Yes,Yes,No,Yes,Email,Unknown
"Hi mom, I lost my phone while traveling. Text me here. I desperately need $250 to pay my hotel bill before checkout at 11 AM!",Child Game Scam,1,Yes,Yes,No,No,Yes,No,WhatsApp,Individual
"Hey Mum, I got a new phone number! Please delete my old contact info. Can you send $190 to my friend's account for my library fee fine?",Child Game Scam,1,No,Yes,No,No,No,No,WhatsApp,Individual
Urgent: Your child's school bus monthly subscription is overdue. Pay $75 immediately to prevent suspension of transport services at http://school-bus-pay.com,Child Game Scam,1,Yes,Yes,No,Yes,Yes,No,SMS,Company
"Hi dad, I lost my phone at the cafe. Using a temp device. Please text me back here. Also can you send $300 for my exam registration fee today?",Child Game Scam,1,Yes,Yes,No,No,No,No,SMS,Individual
Congratulations! Your child's artwork has been shortlisted for the International Art Exhibition. Pay $50 entry fee at http://kids-art-contest-pay.com,Child Game Scam,1,No,Yes,No,Yes,No,Yes,Email,Company
"Hey mum, broke my phone screen and can't receive calls. Please transfer $220 for my train ticket back home this weekend!",Child Game Scam,1,No,Yes,No,No,No,No,WhatsApp,Individual
Hi Mom! I lost my phone during my commute. Can you send $130 via Zelle so I can pay my credit card payment before midnight?,Child Game Scam,1,Yes,Yes,No,No,No,No,SMS,Individual
Alert: Unpaid school cafeteria fees detected for your child ($42.50). Pay now to prevent meal service restriction: http://school-meal-billing.com,Child Game Scam,1,Yes,Yes,No,Yes,Yes,No,Email,Company
"Hi dad, new number! My old phone got stolen. Can you please pay this invoice of $310 for my laptop repair? Link: http://repair-center-invoice.com",Child Game Scam,1,No,Yes,No,Yes,No,No,SMS,Individual
"Dear Parent, your child qualifies for a free Chromebook provided by the state education board. Claim device by verifying home address at http://state-edu-device.gov.org",Child Game Scam,1,No,No,Yes,Yes,No,Yes,Email,Government
Hey Mum! Dropped my phone in the pool so using a friend's phone. Can you send $270 to my account for my car insurance installment today?,Child Game Scam,1,Yes,Yes,No,No,No,No,WhatsApp,Individual
URGENT: Legal notice issued by Cyber Crime Branch. A parcel containing illegal drugs was linked to your phone number. Click http://digital-court-summons.com to join digital custody immediately.,Digital Arrest Scam,1,Yes,No,Yes,Yes,Yes,No,SMS,Government
"Sir, this is Inspector Sharma from Mumbai Police Crime Branch. You are placed under digital arrest for money laundering. Do not disconnect this WhatsApp video call or police will arrive at your home.",Digital Arrest Scam,1,Yes,No,No,No,Yes,No,WhatsApp,Government
FINAL WARNING: Non-bailable warrant issued against your name under section 120B. Connect to our Skype surveillance portal http://cbi-virtual-interrogation.org before 5 PM to verify your identity.,Digital Arrest Scam,1,Yes,No,Yes,Yes,Yes,No,Email,Government
Notice from Narcotics Control Bureau: An illegal package shipped from Taiwan with your passport details has been intercepted. You are under immediate digital surveillance. Reply with your details to comply.,Digital Arrest Scam,1,Yes,No,Yes,No,Yes,No,SMS,Government
You are under virtual custody for suspect involvement in international money laundering. Submit your identity details and bank statement to clear your name: http://cyber-investigation-portal.in,Digital Arrest Scam,1,Yes,Yes,Yes,Yes,Yes,No,Email,Government
"Hello, CBI investigation desk. Your SIM card is linked to 15 illegal financial transactions. Stay on video standby. If you try to log off or contact anyone, arrest team will be dispatched.",Digital Arrest Scam,1,Yes,No,No,No,Yes,No,WhatsApp,Government
Cyber Enforcement Order: A legal case has been filed against you. Download the secure police monitoring app at http://police-surveillance-app.com to remain under digital arrest during inquiry.,Digital Arrest Scam,1,Yes,No,No,Yes,Yes,No,SMS,Government
"Sir, your name is implicated in a multi-crore hawala racket. Transfer ₹1,500,000 to the official court verification escrow account to avoid immediate physical arrest.",Digital Arrest Scam,1,Yes,Yes,No,No,Yes,No,WhatsApp,Government
Notice of Arrest Warrant: Issued by Enforcement Directorate. You must present yourself on live WhatsApp video for formal digital detention proceedings. Do not close this chat.,Digital Arrest Scam,1,Yes,No,No,No,Yes,No,WhatsApp,Government
ALERT: Customs department intercepted a package with 5 fake passports registered under your name. Access your digital arrest file now at http://customs-legal-notice.net,Digital Arrest Scam,1,Yes,No,Yes,Yes,Yes,No,Email,Government
"This is Officer Verma from Crime Branch. You are currently placed under home virtual arrest. To verify your assets and avoid jail time, share your bank account number and net banking password.",Digital Arrest Scam,1,Yes,Yes,Yes,No,Yes,No,WhatsApp,Government
Official Notice: Your mobile connection will be blocked in 2 hours by TRAI due to involvement in terror funding. Tap http://trai-legal-hearing.com to attend digital court hearing.,Digital Arrest Scam,1,Yes,No,No,Yes,Yes,No,SMS,Government
"You have been flagged for downloading restricted illicit content online. Pay refundable security clearance deposit of ₹45,000 to Supreme Court escrow within 30 mins to halt police arrest.",Digital Arrest Scam,1,Yes,Yes,No,No,Yes,No,Email,Government
Urgent: Interpol Red Notice generated against your identity. Stay online on video call for digital interrogation. Any movement without permission will be treated as evasion.,Digital Arrest Scam,1,Yes,No,No,No,Yes,No,WhatsApp,Government
Digital Warrant Issued: Cyber Cell Kolkata has put you under digital house arrest. Submit your identification card and live location immediately.,Digital Arrest Scam,1,Yes,No,Yes,No,Yes,No,SMS,Government
"Dear Citizen, your bank account is frozen under Money Laundering Act. To verify legitimate income during digital detention, transfer all liquid balance to RBI verification account: http://rbi-escrow-verify.org",Digital Arrest Scam,1,Yes,Yes,No,Yes,Yes,No,Email,Government
"Sir, do not disconnect this call. You are being recorded by Federal Investigation Bureau. Keep your camera ON at all times during this digital custody process.",Digital Arrest Scam,1,Yes,No,No,No,Yes,No,WhatsApp,Government
Notice: Supreme Court E-Committee summons you for virtual trial. Download official digital court portal to attend: http://ecourt-virtual-hearing-portal.com,Digital Arrest Scam,1,Yes,No,No,Yes,Yes,No,Email,Government
Attention: FedEx package containing 200g MDMA intercepted at Mumbai airport billed to your address. Connect to digital police station on WhatsApp immediately.,Digital Arrest Scam,1,Yes,No,No,No,Yes,No,SMS,Company
Warning: You are under continuous video monitoring by Cyber Police. Disconnecting or making external phone calls will result in immediate raid by local police.,Digital Arrest Scam,1,Yes,No,No,No,Yes,No,WhatsApp,Government
Court Order: You are accused in Case #99102 (Human Trafficking). You must remain under digital arrest until identity clearance. Submit copy of identity card for verification.,Digital Arrest Scam,1,Yes,No,Yes,No,Yes,No,Email,Government
"CBI Cyber Unit: Your phone IP address was logged in a national security breach. Pay ₹80,000 penalty fee to avoid immediate police custody at your doorstep.",Digital Arrest Scam,1,Yes,Yes,No,No,Yes,No,SMS,Government
"Sir, police team is waiting outside your city sector. If you want to settle this digital arrest case quietly, send ₹200,000 security bond right now.",Digital Arrest Scam,1,Yes,Yes,No,No,Yes,No,WhatsApp,Government
Emergency Notice: High Court has ordered your virtual detention. Click link to download official digital bail application form: http://highcourt-bail-form.com,Digital Arrest Scam,1,Yes,No,No,Yes,Yes,No,SMS,Government
This is Head Police Inspector Deshmukh. You are under digital interrogation for credit card fraud. State your credit card CVV and PIN to clear your name from suspect list.,Digital Arrest Scam,1,Yes,Yes,Yes,No,Yes,No,WhatsApp,Government
URGENT LEGAL ACTION: Your identity details were used to register 12 fake SIMs used in extortion. Open http://cyber-identity-clearance.in to join virtual investigation room.,Digital Arrest Scam,1,Yes,No,Yes,Yes,Yes,No,Email,Government
Notice from Financial Intelligence Unit: All your assets are frozen under digital house arrest protocol. Share OTP sent to your phone to verify account ownership.,Digital Arrest Scam,1,Yes,No,Yes,No,Yes,No,SMS,Government
Warning: Digital Arrest procedure initiated by Anti-Terrorism Squad. Remain in your room alone with video camera active until interrogation completes.,Digital Arrest Scam,1,Yes,No,No,No,Yes,No,WhatsApp,Government
Your courier parcel #88219 has been seized by customs for illegal contraband. Pay legal clearance fee at http://customs-clearance-fine.com to stop digital arrest warrant.,Digital Arrest Scam,1,Yes,Yes,No,Yes,Yes,No,SMS,Company
"Dear Customer, Bank account suspended by Cyber Crime Cell order. To lift digital arrest on funds, submit netbanking login credentials at http://bank-freeze-clearance.com",Digital Arrest Scam,1,Yes,No,Yes,Yes,Yes,No,Email,Bank
"Sir, NCB officer here. A contraband shipment with your name was captured. Stay on this WhatsApp call to record your statement or face instant arrest squad.",Digital Arrest Scam,1,Yes,No,No,No,Yes,No,WhatsApp,Government
Digital Summons: Failure to join live virtual interrogation within 15 minutes will result in immediate publication of your arrest warrant on national news.,Digital Arrest Scam,1,Yes,No,No,No,Yes,No,SMS,Government
Final Order: You are placed in virtual custody for tax evasion. Deposit temporary clearance bond to RBI nodal bank account immediately.,Digital Arrest Scam,1,Yes,Yes,No,No,Yes,No,Email,Government
Cyber Cell Notice: Suspicious illegal activity detected from your wifi router. Click http://cyber-wifi-investigation.net to register for online interrogation.,Digital Arrest Scam,1,No,No,No,Yes,Yes,No,SMS,Government
"Hello, this is Inspector Patil from Crime Branch. Stay in front of camera. Do not tell your family members about this digital arrest proceeding or they will be arrested too.",Digital Arrest Scam,1,Yes,No,No,No,Yes,No,WhatsApp,Government
CRITICAL LEGAL ALERT: Non-compliance with virtual court custody will result in freezing of all family bank accounts. Access hearing portal: http://virtual-court-room.com,Digital Arrest Scam,1,Yes,No,No,Yes,Yes,No,Email,Government
"You are under digital arrest by Ministry of Home Affairs for financial fraud. To prove innocence, transfer ₹50,000 to Supreme Court Audit Cell account.",Digital Arrest Scam,1,Yes,Yes,No,No,Yes,No,SMS,Government
"Sir, stay on video call. Our senior officer will join in 2 minutes to conduct your virtual interrogation regarding illegal money transfers. Keep your identity proof ready.",Digital Arrest Scam,1,No,No,Yes,No,Yes,No,WhatsApp,Government
Official Notice: Your phone number is involved in 45 scam complaints. Digital detention active. Click http://telecom-disconnection-appeal.com to request hearing.,Digital Arrest Scam,1,Yes,No,No,Yes,Yes,No,SMS,Company
Police Notice: You are under continuous digital surveillance for suspected treason. Do not leave your house until virtual inquiry is completed.,Digital Arrest Scam,1,Yes,No,No,No,Yes,No,WhatsApp,Government
Urgent: Interpol digital custody order issued against your name. Upload identity document and signature at http://interpol-case-file.org to request bail.,Digital Arrest Scam,1,Yes,No,Yes,Yes,Yes,No,Email,Government
"Sir, I am calling from Cyber Enforcement Bureau. Your passport has been revoked. Join Skype call now for digital arrest procedure or police team will reach your address in 30 mins.",Digital Arrest Scam,1,Yes,No,No,No,Yes,No,SMS,Government
"Attention: Your bank account is linked to international cartel transactions. Deposit ₹300,000 into Govt reserve account for financial auditing to lift digital arrest.",Digital Arrest Scam,1,Yes,Yes,No,No,Yes,No,Email,Government
Notice: You have been placed under virtual arrest by High Court Cyber Division. Submit your debit card front and back photo to verify source of funds.,Digital Arrest Scam,1,Yes,Yes,Yes,No,Yes,No,WhatsApp,Government
CBI Emergency Order: Your online activity is under surveillance. Tap http://cbi-case-status-check.com to view formal digital arrest charge sheet.,Digital Arrest Scam,1,Yes,No,No,Yes,Yes,No,SMS,Government
"Hello, Crime Branch Helpdesk. Your digital arrest timer has started. You have 10 minutes to join video link sent on WhatsApp before police team breaks into your home.",Digital Arrest Scam,1,Yes,No,No,No,Yes,No,WhatsApp,Government
Legal Alert: You are charged under Prevention of Corruption Act. Complete online identity check at http://court-case-verification.gov.in.check-id.cc to avoid instant jail.,Digital Arrest Scam,1,Yes,No,Yes,Yes,Yes,No,Email,Government
"Sir, do not switch off your phone. You are in digital detention. Pay ₹25,000 investigation fee to Govt UPI ID to close case file immediately.",Digital Arrest Scam,1,Yes,Yes,No,No,Yes,No,WhatsApp,Government
Urgent: NCB confiscated parcel with fake IDs in your name. Download digital statement form at http://ncb-case-proceeding.org to submit your defense.,Digital Arrest Scam,1,Yes,No,No,Yes,Yes,No,SMS,Government
WARNING: Attempting to close this chat or contact legal aid will be considered escape from digital custody and treated as a criminal offence. Stay online.,Digital Arrest Scam,1,Yes,No,No,No,Yes,No,WhatsApp,Government
"Dear customer, we detected an unauthorized login attempt on your Amazon account from an unknown device. Call our support executive at 1-800-555-0143 immediately to secure your profile.",Fake Customer Care,1,Yes,No,No,No,Yes,No,Email,Company
Hi! This is Alex from Apple Support. We noticed your iCloud storage upgrade failed. Please update your payment card details here to prevent data suspension: http://support-apple-billing.com,Fake Customer Care,1,Yes,Yes,Yes,Yes,Yes,No,SMS,Company
"Dear user, your recent complaint #99201 regarding Netflix subscription refund has been processed. Share the 6-digit OTP sent to your mobile to claim refund of $24.99",Fake Customer Care,1,No,Yes,Yes,No,No,Yes,SMS,Company
"Hello, thanks for reaching out to SBI Helpdesk! To unblock your net banking profile, kindly reply with your 16-digit ATM card number and CVV code.",Fake Customer Care,1,Yes,No,Yes,No,Yes,No,WhatsApp,Bank
"We noticed you tweeted about your missing luggage on flight BA204. Please send us your full name, booking reference, and card details at http://air-helpdesk-refunds.com so we can process instant compensation 🧳",Fake Customer Care,1,No,Yes,Yes,Yes,No,Yes,SMS,Company
"URGENT HELP DESK: Your WhatsApp account transfer request is in progress. If you did not request this change, reply with STOP and share your verification code immediately.",Fake Customer Care,1,Yes,No,Yes,No,Yes,No,SMS,Company
"Hi sir, I am Rahul from Paytm Care regarding your failed mobile recharge. Kindly install AnyDesk app on your device and share 9-digit code so I can fix issue remotely.",Fake Customer Care,1,No,Yes,Yes,No,No,No,WhatsApp,Company
Microsoft Support Alert: Critical malware detected on your computer! Windows firewall has disabled your system. Call toll-free helpline 1-888-555-0199 now for live technician help.,Fake Customer Care,1,Yes,No,No,No,Yes,No,SMS,Company
"Dear Customer, your Flipkart refund of ₹1,499 is pending. To accept payment direct to your bank, open this link and enter your UPI PIN: http://flipkart-refund-portal.net",Fake Customer Care,1,Yes,Yes,Yes,Yes,No,Yes,SMS,Company
"Hello, this is Delta Airlines Customer Care regarding your tweet. We apologize for the delayed flight. Click http://delta-flight-claim.com to receive your $200 voucher!",Fake Customer Care,1,No,No,No,Yes,No,Yes,Email,Company
"Attention! Your Google Pay account was logged in from Moscow. If this was not you, reset your password & security pin immediately at http://gpay-security-center.org",Fake Customer Care,1,Yes,No,Yes,Yes,Yes,No,Email,Company
"Dear Member, your Gym Membership refund request of $45 was approved. Kindly verify your identity by providing your card details to our customer care agent via chat.",Fake Customer Care,1,No,Yes,Yes,No,No,Yes,Email,Company
Hi there! This is Instagram Support. Your account was flagged for copyright violation. Fill out the appeal form at http://instagram-copyright-appeal.com within 24 hours or your account will be deleted permanently.,Fake Customer Care,1,Yes,No,Yes,Yes,Yes,No,Email,Company
"Dear Valued Shopper, regarding your inquiry about non-delivery of order #8849. Please send $4.99 re-shipping fee to complete parcel delivery today.",Fake Customer Care,1,Yes,Yes,No,No,No,No,Email,Company
"Hello sir, I am calling from HDFC Customer Service. Your debit card will be blocked by 5 PM due to incomplete KYC. Send your identity verification details on WhatsApp to avoid card closure.",Fake Customer Care,1,Yes,No,Yes,No,Yes,No,WhatsApp,Bank
UPS Helpdesk: Package #49021 cannot be delivered due to address error. Update your address and pay $1.50 redelivery fee at http://ups-parcel-tracking-update.com,Fake Customer Care,1,No,Yes,Yes,Yes,No,No,SMS,Company
"Hi, thanks for messaging PayPal Support on Twitter! To resolve your transaction hold, please visit http://paypal-resolution-center-login.com and sign in.",Fake Customer Care,1,No,No,Yes,Yes,No,No,Email,Company
URGENT: Swiggy Support team noticed duplicate debit of ₹320 on your order. Reply with your bank account number and OTP to initiate immediate refund.,Fake Customer Care,1,Yes,Yes,Yes,No,No,Yes,SMS,Company
"Hello dear customer, this is Cash App representative. We received your support ticket regarding missing funds. Click http://cash-app-support-funds.net to unlock your balance.",Fake Customer Care,1,Yes,Yes,No,Yes,No,Yes,Email,Company
"Dear Customer, your electricity power will be disconnected at 9 PM by Customer Service Executive due to previous month bill non-updated. Call 9876543210 immediately.",Fake Customer Care,1,Yes,Yes,No,No,Yes,No,SMS,Company
"Hi, this is Sony Support team regarding your PlayStation 5 warranty request. Enter your serial code and credit card details at http://ps5-warranty-register.com",Fake Customer Care,1,No,Yes,Yes,Yes,No,No,Email,Company
"Dear user, your Coinbase wallet requires mandatory migration to new server protocol. Failure to migrate within 12h will result in asset loss: http://coinbase-wallet-sync.org",Fake Customer Care,1,Yes,No,Yes,Yes,Yes,No,Email,Company
"Hello, this is FedEx Executive. Your parcel contains restricted items. Pay inspection fee of $25 or legal action will be initiated by customs department.",Fake Customer Care,1,Yes,Yes,No,No,Yes,No,SMS,Company
"Dear Customer, thanks for reaching Uber Support on WhatsApp. Your driver reported lost wallet. Please click http://uber-lost-item-claim.com to pay return fee.",Fake Customer Care,1,No,Yes,No,Yes,No,No,WhatsApp,Company
Warning from Jio Care: Your 5G SIM service will stop tonight due to pending document verification. Submit your document details at http://jio-sim-kyc-online.in,Fake Customer Care,1,Yes,No,Yes,Yes,Yes,No,SMS,Company
"Hi! PayPal customer service here. We flagged $450 transaction to BestBuy. If you did not make this purchase, call our fraud branch at 1-800-555-0188 right away.",Fake Customer Care,1,Yes,Yes,No,No,Yes,No,Email,Company
"Dear Member, eBay Customer Support has issued a partial refund of $35.00 for item #89102. Log in at http://ebay-refund-claim-portal.com to deposit funds.",Fake Customer Care,1,No,No,Yes,Yes,No,Yes,Email,Company
"Hi, I am Officer Verma from Cyber Crime Cell & Bank Customer Care. Suspicious illegal transactions detected on your account. Transfer your funds to safe reserve bank account immediately.",Fake Customer Care,1,Yes,Yes,No,No,Yes,No,WhatsApp,Government
"Dear Guest, AirBnB Support here. Host cancelled your booking #7712. Click http://airbnb-rebooking-refund.net to choose alternative stay or claim 100% refund.",Fake Customer Care,1,No,No,No,Yes,No,Yes,Email,Company
Customer Care Alert: Your Disney+ subscription renewal failed. Avoid service termination by updating payment method at http://disneyplus-billing-fix.com,Fake Customer Care,1,Yes,Yes,Yes,Yes,Yes,No,SMS,Company
"Hello, this is Robinhood Help Desk. Your crypto trading account is locked due to unusual IP access. Unlock account instantly by clicking http://robinhood-verify-identity.com",Fake Customer Care,1,Yes,No,Yes,Yes,Yes,No,Email,Company
"Hi sir, Vodafone Idea customer care department calling. Your internet pack expires today. Re-verify your SIM ownership by texting your 16 digit SIM number to us.",Fake Customer Care,1,Yes,No,Yes,No,Yes,No,SMS,Company
"Dear user, Zoom Customer Care detected security flaw on your desktop app. Download mandatory security patch update immediately: http://zoom-desktop-patch-update.com",Fake Customer Care,1,Yes,No,No,Yes,Yes,No,Email,Company
Hello! Facebook Help Center here. We received report that your page violates community standards. Confirm account password at http://fb-page-security-appeal.com or page will be deleted.,Fake Customer Care,1,Yes,No,Yes,Yes,Yes,No,Email,Company
"Dear customer, your Domino's Pizza order payment was debited twice. Connect with live chat agent at http://dominos-refund-chat-line.com to get instant reimbursement.",Fake Customer Care,1,No,Yes,No,Yes,No,Yes,SMS,Company
"Hi, Telegram Customer Service regarding your premium membership. We noticed billing issue. Share the 5-digit login code you just received to verify ownership.",Fake Customer Care,1,Yes,No,Yes,No,No,No,SMS,Company
Attention: Walmart Order #09211 is held due to incomplete address. Please verify your identity and payment credentials at http://walmart-order-tracking.net,Fake Customer Care,1,No,No,Yes,Yes,No,No,Email,Company
"Dear account holder, Bank of America Customer Care flagged transaction of $1,200 to CryptoCorp. Reply YES to authorize or call 1-800-555-0177 to cancel.",Fake Customer Care,1,Yes,Yes,No,No,Yes,No,SMS,Bank
"Hello, Spotify Care team here! Your family plan subscription was paused. Re-activate your account now to keep listening: http://spotify-family-billing.com",Fake Customer Care,1,No,Yes,Yes,Yes,No,No,Email,Company
"Dear Citizen, Income Tax Department Helpline: Your tax refund of ₹18,500 is pending approval. Confirm your bank account & IFSC code at http://incometax-refund-desk.in",Fake Customer Care,1,No,Yes,Yes,Yes,No,Yes,SMS,Government
"Hi, Zomato support agent here! We saw your tweet about cold food delivery. We issued ₹300 refund coupon. Claim direct to UPI at http://zomato-care-coupons.com",Fake Customer Care,1,No,No,No,Yes,No,Yes,WhatsApp,Company
Urgent update from DHL Care Desk: Duties & taxes of $3.20 are unpaid for shipment #UK882. Pay now at http://dhl-customs-pay-portal.com to release delivery.,Fake Customer Care,1,Yes,Yes,No,Yes,Yes,No,Email,Company
"Hello, Steam Support executive here. Someone reported your account for illegal trading. Share your mobile authenticator code immediately to prevent permanent VAC ban.",Fake Customer Care,1,Yes,No,Yes,No,Yes,No,WhatsApp,Company
"Dear Customer, your Airtel Broadband account has an overdue balance of ₹899. Pay before 6:00 PM today to avoid service disconnection: http://airtel-quickpay-desk.in",Fake Customer Care,1,Yes,Yes,No,Yes,Yes,No,SMS,Company
Hi! QuickBooks Technical Support here. Your annual license subscription auto-renewed for $699. Call 1-888-555-0122 immediately to reverse invoice.,Fake Customer Care,1,No,Yes,No,No,No,No,Email,Company
"Dear Shopper, Shein Customer Care has credited $50 wallet bonus for delayed order. Tap http://shein-bonus-wallet-claim.com to transfer bonus to card.",Fake Customer Care,1,No,No,No,Yes,No,Yes,SMS,Company
URGENT: Metamask Customer Support alert! Your Web3 wallet requires immediate seed phrase validation following security fork: http://metamask-sync-phrase.org,Fake Customer Care,1,Yes,No,Yes,Yes,Yes,No,Email,Unknown
"Hello sir, I am from Axis Bank Helpline. Your credit card reward points (₹4,200 value) expire tonight. Convert to cash at http://axis-rewards-cash-redeem.com",Fake Customer Care,1,Yes,No,No,Yes,No,Yes,SMS,Bank
"Dear customer, Binance Support detected login attempt from unknown IP address. Secure your assets now by verifying your 2FA code with our agent via live chat.",Fake Customer Care,1,Yes,No,Yes,No,Yes,No,WhatsApp,Company
"Hi, this is Target Customer Experience team. You've been chosen to receive a $100 gift card for participating in our service feedback survey: http://target-gift-feedback.com",Fake Customer Care,1,No,No,No,Yes,No,Yes,Email,Company
Hi! Earn $500 daily guaranteed by investing just $50 in our automated crypto trading bot. Join our VIP Telegram group today: http://crypto-auto-trader-vip.net 🚀,Investment Scam,1,No,Yes,No,Yes,No,Yes,WhatsApp,Unknown
Exclusive Opportunity: Institutional AI stock trading platform opening to retail investors. Minimum deposit $250. 200% return guaranteed within 7 days!,Investment Scam,1,No,Yes,No,No,No,Yes,Email,Company
"Hey bro, I turned $1000 into $15,000 in just 3 days using this arbitrage platform! Deposit now before registration closes tonight: http://arbitrage-profit-pool.com",Investment Scam,1,Yes,Yes,No,Yes,No,Yes,SMS,Individual
URGENT: Pre-IPO allocation for SpaceX shares available now! Only 50 slots left for private accredited investors. Reply YES to reserve your allocation.,Investment Scam,1,Yes,Yes,No,No,No,Yes,SMS,Company
Guaranteed 5% daily ROI on Gold & Forex trading! Regulated broker under European authority. Register account and submit your ID & proof of address at http://fx-gold-trader.org,Investment Scam,1,No,Yes,Yes,Yes,No,Yes,Email,Company
"Sir, I am financial advisor Maya from Apex Wealth Management. Double your savings in 30 days with risk-free institutional mutual fund scheme. Contact me on WhatsApp! 📈",Investment Scam,1,No,Yes,No,No,No,Yes,WhatsApp,Individual
"SPECIAL OFFER: Join our institutional insider stock tip channel. 99% accuracy on intraday calls! Deposit ₹10,000 for lifetime premium access.",Investment Scam,1,No,Yes,No,No,No,Yes,SMS,Company
Congratulations! Your wallet was selected for 2.5 ETH staking reward bonus. Link your private seed phrase at http://eth-staking-bonus-claim.io to activate 40% APY.,Investment Scam,1,No,Yes,Yes,Yes,No,Yes,Email,Unknown
"Hi dear, my uncle works at Goldman Sachs and gave me insider news on upcoming token listing. Buy $ABC token now on PancakeSwap before 100x pump tonight! 🔥",Investment Scam,1,Yes,Yes,No,No,No,Yes,WhatsApp,Individual
URGENT ALERT: Global Petroleum stock option pool closing in 2 hours! 300% guaranteed profit back on $500 minimum investment. Click http://petro-option-pool.com,Investment Scam,1,Yes,Yes,No,Yes,No,Yes,SMS,Company
"Dear Investor, upgrade your trading tier to Gold Level. Submit your netbanking credentials and identity details to unlock leverage ratio 1:1000.",Investment Scam,1,No,No,Yes,No,No,No,Email,Company
Want to make money while you sleep? Our passive income real estate crowdfunding model pays 15% monthly return fixed. Download app now: http://realestate-crowd-returns.net,Investment Scam,1,No,Yes,No,Yes,No,Yes,SMS,Company
"Hello! I am crypto trader Sophia. I manage portfolios for high net worth clients. Give me $300 and I will return $3,000 in 24 hours. No risk guaranteed! 🤑",Investment Scam,1,No,Yes,No,No,No,Yes,WhatsApp,Individual
FINAL NOTICE: Zero-risk arbitrage bot subscription expiring today! Re-invest $200 today to retain your 3.5% daily compound interest payout.,Investment Scam,1,Yes,Yes,No,No,No,Yes,Email,Company
"Earn passive income with AI Quantum Trading! Over 50,000 users earning $1,000/day. Start with just $100. Register here: http://quantum-ai-profit-app.com",Investment Scam,1,No,Yes,No,Yes,No,Yes,Email,Company
"Hi, this is Senior Portfolio Analyst David. We have private allocation in pre-launch solar tech project. Minimum investment $1,000. 10x ROI expected at ICO.",Investment Scam,1,No,Yes,No,No,No,Yes,WhatsApp,Individual
LIMITED TIME: Double your Bitcoin in 48 hours! Official BTC doubling event hosted by MicroStrategy. Send BTC to address listed at http://btc-doubler-event2026.org 💰,Investment Scam,1,Yes,Yes,No,Yes,No,Yes,SMS,Unknown
"Dear Client, your investment account requires mandatory KYC re-verification to release your $12,400 profit withdrawal. Provide your SSN/Identity number and OTP to proceed.",Investment Scam,1,Yes,No,Yes,No,Yes,No,Email,Company
"Hey friend! Join our VIP Forex Signal group. 100% win rate on binary options. Send ₹5,000 join fee to my GPay ID and start earning ₹50,000 per week!",Investment Scam,1,No,Yes,No,No,No,Yes,WhatsApp,Individual
Warning: Your crypto cloud mining contract will be terminated within 6 hours due to unpaid maintenance fee. Pay $50 in BTC to keep mining active: http://cloud-miner-renewal.com,Investment Scam,1,Yes,Yes,No,Yes,Yes,No,Email,Company
"Hi ma'am, invest ₹20,000 in our government approved herbal plantation scheme and get ₹5,000 monthly pension lifelong. Reply YES for brochures.",Investment Scam,1,No,Yes,No,No,No,Yes,SMS,Company
Urgent: Last chance to acquire Founder Tier equity tokens in Web3 Gaming project before mainnet launch tomorrow! Swap USDT at http://web3-presale-founder.io,Investment Scam,1,Yes,Yes,No,Yes,No,Yes,Email,Unknown
Hello! Earn 10% daily ROI in decentralized liquidity pool. No withdrawal fees. Verify your wallet seed phrase at http://defi-liquidity-pool-yield.com to start earning.,Investment Scam,1,No,Yes,Yes,Yes,No,Yes,WhatsApp,Unknown
Invest $500 in micro-cap biotech stock $BTEC before news announcement at 4 PM! Wall Street hedge funds accumulating fast! Target $50 (currently $2). 🚀🚀,Investment Scam,1,Yes,Yes,No,No,No,Yes,SMS,Unknown
"Dear Valued Investor, process your $8,500 trading account profit payout by submitting your credit card CVV and billing address to our finance department.",Investment Scam,1,No,No,Yes,No,No,No,Email,Company
"Hi, turn your idle funds into 20% weekly returns with our automated Forex PAMM account. Managed by top 1% professional traders. Minimum deposit $500.",Investment Scam,1,No,Yes,No,No,No,Yes,Email,Company
"ATTENTION: High yield treasury bond scheme offering 18% annual return guaranteed by central reserve. Deposit minimum $1,000 today: http://treasury-yield-bonds.net",Investment Scam,1,Yes,Yes,No,Yes,No,Yes,SMS,Government
"Hey, I made $4,000 this week trading index futures using AI script! If u want full setup and trade calls, pay $150 setup fee to my crypto wallet.",Investment Scam,1,No,Yes,No,No,No,Yes,WhatsApp,Individual
"Urgent Notice: Unclaimed stock dividend payout of $1,850 detected for your email address. Verify your bank account number & routing details to claim: http://dividend-payout-claim.org",Investment Scam,1,Yes,Yes,Yes,Yes,No,Yes,Email,Company
"Invest ₹10,000 in our peer-to-peer lending platform and receive 2.5% daily cash returns credited straight to your UPI account! Start today!",Investment Scam,1,No,Yes,No,No,No,Yes,SMS,Company
"Exclusive Crypto Airdrop! Eligible users receive 5000 $LUNA tokens ($2,500 value). Claim your airdrop by connecting wallet at http://crypto-airdrop-claim-2026.com",Investment Scam,1,No,No,No,Yes,No,Yes,Email,Unknown
"Hi sir, guaranteed stock market profit tips! Buy bank nifty options today for 5x returns. Pay ₹3,000 advisory fees after profit! Reply START to get tips.",Investment Scam,1,No,Yes,No,No,No,Yes,WhatsApp,Individual
URGENT: Pre-market sale for revolutionary AI chipmaker stock ends in 1 hour! Get shares at 80% discount before Nasdaq listing: http://ai-premarket-shares.com,Investment Scam,1,Yes,Yes,No,Yes,No,Yes,SMS,Company
"Hello! I am account manager Elena. We are offering 100% deposit match bonus on our licensed trading platform. Deposit $1,000 and get $1,000 free trading credit! 💸",Investment Scam,1,No,Yes,No,No,No,Yes,WhatsApp,Company
"Dear Client, your account has been credited with 1.2 BTC in demo profits. To convert demo account to real withdrawal balance, deposit $250 verification fee.",Investment Scam,1,No,Yes,No,No,No,Yes,Email,Company
"Get 50% profit share in 7 days! We trade gold futures on your behalf. Send your full name, identity card photo, and initial investment of $200.",Investment Scam,1,No,Yes,Yes,No,No,Yes,SMS,Individual
FLASH OFFER: Buy physical silver bullion at 30% below market spot price! Insured delivery guaranteed. Order now at http://silver-bullion-discount.net,Investment Scam,1,Yes,Yes,No,Yes,No,Yes,Email,Company
"Hi bro, join our private copy trading pool! Our master account has 1200% profit in 2025. Deposit $100 and mirror trades automatically.",Investment Scam,1,No,Yes,No,No,No,Yes,WhatsApp,Individual
Urgent security check: Your investment portfolio is temporarily frozen due to suspicious login. Re-enter your trading password & OTP to restore access: http://trader-portal-sec.com,Investment Scam,1,Yes,No,Yes,Yes,Yes,No,Email,Company
"Earn up to $10,000 monthly by investing in foreign currency exchange pools! No trading experience needed. Call our investment desk at 1-800-555-0166 now.",Investment Scam,1,No,Yes,No,No,No,Yes,SMS,Company
"Dear Investor, secure your spot in our guaranteed lithium mining fund paying 12% quarterly dividends. Minimum entry $2,000. Download prospectus now.",Investment Scam,1,No,Yes,No,No,No,Yes,Email,Company
Warning: Federal tax rules require immediate capital gains declaration for your crypto profits. Upload your private key or seed phrase to clear tax liability: http://crypto-tax-compliance.org,Investment Scam,1,Yes,No,Yes,Yes,Yes,No,Email,Government
Hi! I am calling from Prime Global Capital. We offer fixed 30% annual yield on corporate real estate bonds. Reply YES to schedule call with investment manager.,Investment Scam,1,No,Yes,No,No,No,Yes,SMS,Company
Special Crypto Presale: $NEXUS token backing next-gen spatial AI. Stage 1 price $0.01 (launch price $0.50). Buy now at http://nexus-ai-presale.io before stage closes! 🚀,Investment Scam,1,Yes,Yes,No,Yes,No,Yes,Email,Unknown
"Hello, earn ₹1,500 daily by reviewing investment property listings online! Part-time work from home. Send ₹500 registration charge on GPay to register.",Investment Scam,1,No,Yes,No,No,No,Yes,WhatsApp,Individual
Urgent Notice: Your Forex deposit of $500 was matched with a $500 promotional bonus. Complete 10 trades today or bonus will be forfeited! http://fx-bonus-claim.com,Investment Scam,1,Yes,Yes,No,Yes,No,Yes,SMS,Company
"Dear User, unlock institutional dark pool trading access with guaranteed zero slippage. Submit your bank account details and ID card to activate account.",Investment Scam,1,No,No,Yes,No,No,Yes,Email,Company
Hey! Join our Telegram premium channel for guaranteed 100x gem call tokens every week. Channel membership fee $100 lifetime. DM me to pay via crypto! 👍,Investment Scam,1,No,Yes,No,No,No,Yes,WhatsApp,Individual
CRITICAL ALERT: Stock market crash predicted tomorrow! Move your 401k/IRA funds into our recession-proof Gold Vault Fund immediately: http://gold-vault-recession.com,Investment Scam,1,Yes,Yes,No,Yes,Yes,Yes,Email,Company
"Hi dear, invest in automated Amazon e-commerce storefronts! Earn $3,000 passive income per month hands-free. Minimum investment $1,500. Message me for details! 📦",Investment Scam,1,No,Yes,No,No,No,Yes,WhatsApp,Individual
Hi! We reviewed your profile on LinkedIn and selected you for a remote Data Entry position. Daily payout $200-$500 working 2 hours/day. Contact HR on WhatsApp: +1-800-555-0192 💼,Job Scam,1,No,No,No,No,No,Yes,WhatsApp,Company
URGENT JOB OFFER: Amazon HR is hiring online product reviewers! Earn $80/hour from home. Only 5 slots remaining today. Apply now: http://amazon-flex-hiring-desk.net,Job Scam,1,Yes,No,No,Yes,No,Yes,SMS,Company
"Congratulations! You have been shortlisted for the Data Analyst role at Google India. To schedule your final interview, please submit your government ID proof details at http://google-careers-portal-verify.in",Job Scam,1,No,No,Yes,Yes,No,Yes,Email,Company
"Hey, part-time job opportunity! Just like YouTube videos and earn ₹2,000 to ₹5,000 daily. Payouts sent via UPI every evening. WhatsApp us to get started! 📱✨",Job Scam,1,No,No,No,No,No,Yes,WhatsApp,Unknown
"Dear Candidate, your background verification for the Senior Manager position is pending. Pay ₹1,499 registration fee immediately to process your offer letter before 5 PM today.",Job Scam,1,Yes,Yes,No,No,Yes,No,Email,Company
Hello! Work from home typist needed. Earn $30 per page. No experience required. Pay refundable equipment security deposit of $150 to receive laptop kit.,Job Scam,1,No,Yes,No,No,No,Yes,SMS,Individual
"Urgent hiring for Tata Motors assembly line! Salary ₹35,000/month + food and lodging. Submit your identity documents and bank account details to finalize contract: http://tata-careers-direct.org",Job Scam,1,Yes,No,Yes,Yes,No,Yes,SMS,Company
"Hi dear, I am Sarah from Deloitte Recruitment team. We saw your resume on Indeed. We offer flexible online assistant jobs paying $300 daily. Tap link to start training: http://deloitte-remote-jobs.com",Job Scam,1,No,No,No,Yes,No,Yes,Email,Company
"URGENT NOTICE: Your application for Air India Cabin Crew will be cancelled due to unpaid medical screening fee of ₹2,200. Pay within 2 hours or lose your seat.",Job Scam,1,Yes,Yes,No,No,Yes,No,Email,Company
"Earn up to $1,000/week rating hotel reviews on Google Maps! Simple task, immediate pay out. DM me on Telegram to join our work group today 🏨💸",Job Scam,1,No,No,No,No,No,Yes,WhatsApp,Individual
"Dear applicant, you are selected for UNICEF Work From Home project. To receive your laptop and stipend check of $2,000, reply with your full name, home address, and SSN/identity number.",Job Scam,1,No,No,Yes,No,No,Yes,Email,Government
Hiring alert! Marriott Hotels needs online reservation agents. Earn $45/hr. Training provided. Apply before registration closes at midnight: http://marriott-hiring-online.net,Job Scam,1,Yes,No,No,Yes,No,Yes,SMS,Company
"Hello bro, work 1 hour a day and make $500 weekly by copy pasting ads online. No investment needed! Message me on WhatsApp right now to grab position.",Job Scam,1,No,No,No,No,No,Yes,WhatsApp,Individual
"OFFER LETTER RELEASE: Infosys HR team has selected your profile for Software Engineer role. To activate your employee portal, pay ₹3,500 background check fee now.",Job Scam,1,Yes,Yes,No,No,No,Yes,Email,Company
We are hiring remote social media managers for TikTok campaigns! Payout $150/day via PayPal or crypto. Fill out your registration profile here: http://tiktok-creator-hire.io,Job Scam,1,No,No,No,Yes,No,Yes,SMS,Company
"Dear Jobseeker, your interview with Accenture is scheduled. Kindly verify your identity by providing your 16-digit debit card number and OTP for processing application fees.",Job Scam,1,No,Yes,Yes,No,No,No,Email,Company
Urgent recruitment for Canadian Work Visa program! High salary packages in construction & hospitality. Guaranteed visa in 15 days. Apply at http://canada-job-visa-portal.com,Job Scam,1,Yes,No,No,Yes,No,Yes,SMS,Company
"Hi, this is HR Manager Lisa from Shopee. We have part time vacancies for online product order processing. Earn 5% commission per order completed. Direct payout to bank! 🛍️",Job Scam,1,No,No,No,No,No,Yes,WhatsApp,Company
Warning: Your job application status for Railway Recruitment Board will expire in 1 hour. Confirm your enrollment and submit registration fees at http://rrb-govt-job-verify.in,Job Scam,1,Yes,Yes,No,Yes,Yes,No,SMS,Government
Hello! Earn $200 per audio file by transcribing short recordings from home. Equipment provided free after mandatory $50 portal enrollment fee.,Job Scam,1,No,Yes,No,No,No,Yes,Email,Company
"Hi sir, Reliance Jio hiring field executives in your area! Salary ₹28,000 + bike allowance. Send your resume and identity verification copy on WhatsApp to confirm interview slot.",Job Scam,1,No,No,Yes,No,No,Yes,WhatsApp,Company
"Attention candidate, Microsoft HR office confirmed your selection. A $3,000 check for office equipment setup has been sent to your mail. Deposit check and transfer back $500 balance immediately.",Job Scam,1,Yes,Yes,No,No,No,Yes,Email,Company
"Earn extra income rating movies on Netflix! Earn ₹3,000 per day. No special skills needed. Click http://netflix-rater-jobs.com to complete registration form.",Job Scam,1,No,No,No,Yes,No,Yes,SMS,Company
"HR Urgent Alert: You missed your scheduled interview call for IBM. To reschedule and keep your candidacy active, reply YES immediately.",Job Scam,1,Yes,No,No,No,Yes,No,SMS,Company
"Dear Applicant, congratulations! You have been selected for PepsiCo remote logistics coordinator. To complete hiring paperwork, submit your bank account and routing number.",Job Scam,1,No,No,Yes,No,No,Yes,Email,Company
Hey! Looking for easy work? Earn $100/day testing mobile games on your phone. Daily cashout via CashApp. Join our beta testing team today! 🎮💵,Job Scam,1,No,No,No,No,No,Yes,WhatsApp,Individual
URGENT: Postal department hiring sorting staff. 50 openings left! High pay + pension benefits. Pay $25 application charge at http://postal-jobs-direct.org before deadline.,Job Scam,1,Yes,Yes,No,Yes,No,Yes,SMS,Government
"Hi there, I am an independent recruiter working with Samsung. We are hiring remote customer care agents. $35/hr. Send your email & mobile number to receive job kit.",Job Scam,1,No,No,Yes,No,No,Yes,WhatsApp,Individual
Notice: Your appointment for High Court Data Entry operator role is flagged due to missing identity document submission. Complete KYC at http://court-jobs-kyc.in or lose position.,Job Scam,1,Yes,No,Yes,Yes,Yes,No,Email,Government
"Earn money doing simple captcha typing! Earn ₹500 for every 100 captchas. Minimum payout ₹2,000 daily. Pay ₹300 activation fee to start work today.",Job Scam,1,No,Yes,No,No,No,Yes,SMS,Company
"Hello! We are hiring virtual assistants for Apple Inc. $40/hour, flexible schedule, laptop provided. Visit http://apple-careers-remote-desk.com to submit your resume.",Job Scam,1,No,No,No,Yes,No,Yes,Email,Company
"Hey, part time job opportunity for students! Earn ₹1,500 daily by liking Instagram posts. Work 30 mins a day. WhatsApp us 'JOB' to start right now 📈",Job Scam,1,No,No,No,No,No,Yes,WhatsApp,Unknown
"Urgent hiring for Dubai Crude Oil Company! Free food, flight ticket, and accommodation provided. Salary $4,500/month. Pay visa processing fee of $200 to secure job offer.",Job Scam,1,Yes,Yes,No,No,No,Yes,Email,Company
"Dear Jobseeker, Flipkart fulfillment center hiring workers in your city. Daily wage ₹1,200. Call HR Officer Rahul at 9876543210 to book your joining slot today.",Job Scam,1,No,No,No,No,No,Yes,SMS,Company
"Selected for Remote Proofreader job at Penguin Books! Daily income $180. To begin orientation, download company workspace app at http://penguin-workspace-login.com",Job Scam,1,No,No,No,Yes,No,Yes,Email,Company
Hi! Earn passive commission by evaluating online merchant listings for eBay. Daily pay guaranteed. Reply YES on WhatsApp for instant onboarding.,Job Scam,1,No,No,No,No,No,Yes,WhatsApp,Company
URGENT: Government health department emergency hiring for clerks. High salary. Pay ₹500 stamp duty fee at http://health-dept-recruitment.in within 24 hours.,Job Scam,1,Yes,Yes,No,Yes,No,Yes,SMS,Government
"Hello, I am HR manager from Zara. We are offering part time online fashion assistant roles paying $250 daily. Contact our recruitment desk on Telegram now! 👗✨",Job Scam,1,No,No,No,No,No,Yes,WhatsApp,Company
Final Reminder: Your selection for DHL Logistics manager post will be voided if background processing charge of $75 is not cleared by 6:00 PM today.,Job Scam,1,Yes,Yes,No,No,Yes,No,Email,Company
Make $300 a day translating simple documents from home! No experience required. Receive payment directly to your bank account every Friday. Reply for details.,Job Scam,1,No,No,No,No,No,Yes,Email,Individual
"Hi sir, Paytm hiring telecallers for work from home. Earn ₹25,000/month. Send your photo, identity verification details, and bank account number to register.",Job Scam,1,No,No,Yes,No,No,Yes,WhatsApp,Company
"Immediate joining for Indigo Airlines Ground Staff! Salary ₹38,000. Gate pass fee ₹1,800 mandatory before joining. Pay now at http://indigo-groundstaff-pass.net",Job Scam,1,Yes,Yes,No,Yes,No,Yes,SMS,Company
"Dear applicant, your interview for Shell Petroleum was successful. To process your salary account, reply with your 16-digit debit card number and CVV code.",Job Scam,1,No,Yes,Yes,No,No,Yes,Email,Company
Want to work as an Amazon mystery shopper? Get $200 per store evaluation plus free items! Register your reviewer profile today at http://amazon-shopper-eval.com,Job Scam,1,No,No,No,Yes,No,Yes,SMS,Company
Hey mate! We pay $20/hour for typing simple audio notes online. Flexible hours. Pay $10 account setup charge on GPay to receive first assignment bundle!,Job Scam,1,No,Yes,No,No,No,Yes,WhatsApp,Individual
CRITICAL: HR department of HSBC has flagged your job portal profile for incomplete document submission. Submit identity details now or face application rejection: http://hsbc-careers-portal.com,Job Scam,1,Yes,No,Yes,Yes,Yes,No,Email,Bank
"Hello, earn money by packaging cosmetic products at home! ₹15,000 weekly salary. Materials delivered to your home free after ₹999 refundable registration fee.",Job Scam,1,No,Yes,No,No,No,Yes,SMS,Company
"Hi dear, Earn $500 weekly by copy pasting simple ad texts on Facebook. Work 1 hour daily. Contact our Telegram supervisor to start earning today 💸🔥",Job Scam,1,No,No,No,No,No,Yes,WhatsApp,Unknown
URGENT: Selection list for Civil Services online assistant released! Check your name and confirm acceptance within 3 hours at http://civil-services-assistant.gov.in.claim-desk.org,Job Scam,1,Yes,No,No,Yes,Yes,Yes,Email,Government
"Dear candidate, your application for Tesla Remote Support Specialist was accepted! To dispatch your company laptop and monitor, pay $100 shipping fee to our logistics desk.",Job Scam,1,Yes,Yes,No,No,No,Yes,Email,Company
"Pre-approved pre-approved! Get instant personal loan up to $50,000 with 0% interest for 12 months. Apply now at http://easy-loan-approval.com",Loan Scam,1,No,No,No,Yes,No,Yes,SMS,Company
"URGENT: Your pre-sanctioned loan offer of Rs. 10,00,000 from HDFC Loan Desk will expire in 2 hours. Send your bank account number and OTP to confirm.",Loan Scam,1,Yes,No,Yes,No,No,Yes,SMS,Bank
"Dear customer, bad credit score? No problem! Get guaranteed instant loan up to $20,000 without documentation. Pay $150 processing fee upfront via Apple Gift Card.",Loan Scam,1,No,Yes,No,No,No,Yes,Email,Company
Hey friend! I can approve your business loan of $100k today itself. Just share your credit card CVV and bank login details for quick verification.,Loan Scam,1,No,No,Yes,No,No,Yes,WhatsApp,Individual
"Govt Student Loan Relief scheme approved your $15,000 debt forgiveness. Click http://govt-student-relief-claim.org to process immediately.",Loan Scam,1,No,No,No,Yes,No,Yes,Email,Government
"Your loan application for Rs 5,00,000 is approved by Bajaj Finance. Deposit Rs 3,500 file charges to UPI ID bajaj-finance@paytm to release loan.",Loan Scam,1,No,Yes,No,No,No,Yes,WhatsApp,Company
"ACT NOW! Instant cash loan of $5,000 ready for instant payout. No credit check required! Apply before midnight: http://fastcash-instant.net",Loan Scam,1,Yes,No,No,Yes,No,Yes,SMS,Unknown
"Congratulations! You qualify for low-rate home loan up to $250,000. Text YES with your Social Security Number to get instant approval.",Loan Scam,1,No,No,Yes,No,No,Yes,SMS,Bank
WARNING: Your pending loan disbursement will be CANCELLED if $200 insurance fee is not paid in 30 minutes! Transfer via Zelle now.,Loan Scam,1,Yes,Yes,No,No,Yes,No,Email,Company
"Need emergency funds? Get up to $10,000 deposited in 15 mins! Low monthly payments, 0 interest rate. Register: http://quick-fundz.site",Loan Scam,1,Yes,No,No,Yes,No,Yes,SMS,Unknown
"Sir/Madam, PM Mudra Yojana Loan approved Rs 20 Lakhs for your business. Send your bank passbook photo and online banking password to proceed.",Loan Scam,1,No,No,Yes,No,No,Yes,WhatsApp,Government
"You have 1 pending loan offer of $35,000 from Chase Capital. Claim before offer expires tonight: http://chase-loan-desk.info",Loan Scam,1,Yes,No,No,Yes,No,Yes,SMS,Bank
"Hello, this is Loan Officer Mark. We noticed you applied for $15,000 loan. Send $99 advance tax charge to receive funds today.",Loan Scam,1,No,Yes,No,No,No,Yes,WhatsApp,Individual
"Instant Payday Loan Approved! $3,000 waiting in your account. Complete verification at http://payday-direct-express.com",Loan Scam,1,No,No,No,Yes,No,Yes,SMS,Company
"FINAL NOTICE: Your approved $50,000 loan will be forfeited if you do not complete verification in 1 hour! Click http://loan-verify-now.top",Loan Scam,1,Yes,No,No,Yes,Yes,Yes,Email,Company
"SBI Personal Loan pre-approval notice: Get Rs 8,00,000 instant loan with zero collateral. Send mobile OTP to confirm identity.",Loan Scam,1,No,No,Yes,No,No,Yes,SMS,Bank
"Get low interest loan from $5,000 to $500,000 regardless of your credit score! Reply with your email for details.",Loan Scam,1,No,No,No,No,No,Yes,SMS,Unknown
Your Crypto Loan of 2 BTC is ready for release! Send $300 gas fee to wallet address 0x71C... to finalize transaction.,Loan Scam,1,No,Yes,No,No,No,Yes,WhatsApp,Unknown
"Urgent! Debt Consolidation Program approved $45,000 to pay off your credit cards. Click http://clear-my-debt-now.org to start.",Loan Scam,1,Yes,No,No,Yes,No,Yes,Email,Company
"Congratulations! Dhani Finance approved loan Rs 10 Lakh. Please wire Rs 5,000 for NOC certificate fee to manager's personal account.",Loan Scam,1,No,Yes,No,No,No,Yes,WhatsApp,Company
Special Auto Loan Offer: Get 100% financing for your new car at 1% APR. Fill application form at http://drive-auto-loans.xyz,Loan Scam,1,No,No,No,Yes,No,Yes,SMS,Company
"Dear customer, your request for $8,000 fast loan is accepted. Please provide debit card number, expiry date and CVV for direct payout.",Loan Scam,1,No,No,Yes,No,No,Yes,Email,Unknown
"URGENT: Legal action will be taken if you don't clear processing fee of $250 for your approved $60,000 loan within 2 hours!",Loan Scam,1,Yes,Yes,No,No,Yes,No,SMS,Company
"Get $12,000 personal loan in 10 minutes! No income proof, no guarantor needed. Check eligibility at http://instant-cash-now.tech",Loan Scam,1,No,No,No,Yes,No,Yes,SMS,Company
"Hello, I am private lender Mr. Alex. I give personal loans up to $500,000 at 2% annual rate. Contact me on WhatsApp +1-555-0188 for quick transfer.",Loan Scam,1,No,No,No,No,No,Yes,WhatsApp,Individual
"ICICI Bank Loan Alert: You have pre-approved loan of Rs 15,00,000. Send bank login password to agent for instant credit.",Loan Scam,1,No,No,Yes,No,No,Yes,WhatsApp,Bank
"Hurry! Limited period government loan scheme for small businesses up to $100,000. Claim your grant before deadline: http://biz-loan-scheme.org",Loan Scam,1,Yes,No,No,Yes,No,Yes,Email,Government
"Your loan request of $20,000 is almost complete. Send $120 registration charge via Cash App tag $LoanDesk2026 to release money.",Loan Scam,1,No,Yes,No,No,No,Yes,SMS,Company
"Need money urgently? We approve 99.9% of loan applications! Get up to $30,000 today. Click http://easy-money-payout.club",Loan Scam,1,Yes,No,No,Yes,No,Yes,SMS,Unknown
"Dear applicant, your loan amount $75,000 is ready. To disburse funds, reply with your full SSN, date of birth, and home address.",Loan Scam,1,No,No,Yes,No,No,Yes,Email,Company
"WARNING: Last reminder to clear $180 legal documentation fee for your $40,000 loan approval or your file will be sent to collection agency!",Loan Scam,1,Yes,Yes,No,No,Yes,No,Email,Unknown
Zero interest mortgage loan offer! Refinance your home for 0.5% interest rate. Lock in rate today at http://refinance-home-cheap.info,Loan Scam,1,Yes,No,No,Yes,No,Yes,Email,Company
"Your loan amount Rs. 3,00,000 is sanctioned under Mahila Samriddhi Yojana. Send OTP received on your mobile to claim instantly.",Loan Scam,1,No,No,Yes,No,No,Yes,SMS,Government
"Get $5,000 payday advance with no credit check! Instant transfer to your bank account. Apply here: http://fast-payday-cash.site",Loan Scam,1,No,No,No,Yes,No,Yes,SMS,Company
"Hi, I am offering low interest personal loans from $2,000 to $50,000 for bad credit holders. Pay $50 initial processing fee to start.",Loan Scam,1,No,Yes,No,No,No,Yes,WhatsApp,Individual
"Urgent: Wells Fargo pre-approved credit line extension up to $25,000. Verify online banking details at http://wellsfargo-credit-desk.com",Loan Scam,1,Yes,No,No,Yes,No,Yes,Email,Bank
"Congratulations! Your instant loan of Rs 2,00,000 is ready. Pay refundable security deposit of Rs 1,999 to bank account ending in 4432.",Loan Scam,1,No,Yes,No,No,No,Yes,SMS,Company
"Dear customer, your $35,000 loan check is written. Send us your credit card number, CVV and expiry date to release shipment today.",Loan Scam,1,Yes,No,Yes,No,No,Yes,Email,Company
"Need quick cash for holiday expenses? Get instant $10,000 loan with flexible repayments. Claim offer now: http://holiday-cash-loan.top",Loan Scam,1,No,No,No,Yes,No,Yes,SMS,Unknown
"FINAL CALL: Your pre-approved $70,000 loan offer will expire in 30 minutes! Transfer $150 tax fee via Steam gift card now.",Loan Scam,1,Yes,Yes,No,No,Yes,Yes,Email,Unknown
"Approved! Rs 50,000 instant loan added to your wallet. Share OTP sent on your phone number to withdraw cash to bank.",Loan Scam,1,No,No,Yes,No,No,Yes,SMS,Company
"Get low monthly rate personal loan up to $80,000 in 24 hours. No background check! Fill application: http://easy-loan-desk.xyz",Loan Scam,1,No,No,No,Yes,No,Yes,SMS,Company
"Hi, I am certified lender David. I am offering loans from $5k to $250k. To get money today send $200 processing fee via Venmo.",Loan Scam,1,No,Yes,No,No,No,Yes,WhatsApp,Individual
"Bank Alert: Emergency liquidity loan of $15,000 ready for instant disbursement. Click http://bank-emergency-payout.info",Loan Scam,1,Yes,No,No,Yes,No,Yes,SMS,Bank
"You are eligible for Govt Agriculture Loan Scheme up to Rs 25,00,000. Send Aadhaar card and bank account details on WhatsApp to process.",Loan Scam,1,No,No,Yes,No,No,Yes,WhatsApp,Government
"Claim your pre-sanctioned $18,000 personal loan before deadline at 5 PM! Click link to claim: http://sanctioned-loans-desk.club",Loan Scam,1,Yes,No,No,Yes,No,Yes,Email,Company
"Dear Applicant, your $60,000 loan requires $300 upfront insurance payment before transfer. Pay via Crypto BTC wallet address provided.",Loan Scam,1,No,Yes,No,No,No,Yes,Email,Unknown
"Unsecured personal loan up to $40,000 available at 1% interest rate. Direct credit to bank in 1 hour. Apply now: http://unsecured-express-loans.net",Loan Scam,1,No,No,No,Yes,No,Yes,SMS,Company
ALERT: Your loan pre-approval status will be CANCELED unless you verify your identity with your bank password within 15 minutes!,Loan Scam,1,Yes,No,Yes,No,Yes,No,SMS,Bank
Congrats! Axis Bank approved Rs 12 Lakhs home loan at zero processing fee. Send your PAN card and 6-digit OTP to claim instantly.,Loan Scam,1,No,No,Yes,No,No,Yes,WhatsApp,Bank
"CONGRATS! Your phone number won $750,000 in the 2026 International Mobile Mega Millions Promo! Claim your check now at http://bit.ly/claim-mega-2026",Lottery Reward Scam,1,Yes,No,No,Yes,No,Yes,SMS,Company
"Dear Lucky Winner, your email ID has selected for $1,000,000 cash prize in UK National Lottery. Contact agent Mr. David via email to process payment.",Lottery Reward Scam,1,No,No,No,No,No,Yes,Email,Unknown
"URGENT NOTICE: You have 24 hours left to claim your $50,000 Amazon Sweepstakes prize or it will be forfeited to next winner! Click https://amzn-prize-claim.com/win",Lottery Reward Scam,1,Yes,No,No,Yes,Yes,Yes,SMS,Company
"Congratulations! You won the RBI Diwali Lucky Draw of Rs. 25,00,000. To release funds, please send your bank account number and OTP sent to your phone.",Lottery Reward Scam,1,No,No,Yes,No,No,Yes,WhatsApp,Government
"Hey friend! U won 10,000 USD in our customer appreciation lottery. Reply with your full name, address, and credit card CVV to clear processing fees.",Lottery Reward Scam,1,No,Yes,Yes,No,No,Yes,SMS,Individual
"OFFICIAL NOTIFICATION: You are selected for the $5,000,000 Dubai Duty Free Raffle. Fill form at http://dubaidutyfree-rewards.org to receive wire transfer.",Lottery Reward Scam,1,No,No,No,Yes,No,Yes,Email,Company
Yo! u won $500 gift voucher from Walmart lucky draw 🎉 claim here before midnight http://walmart-win-gift.xyz,Lottery Reward Scam,1,Yes,No,No,Yes,No,Yes,SMS,Unknown
"Dear Customer, SBI Cash Bonanza selected your SIM for 50 Lakh rupees. Call official manager Sharma Ji immediately at +919876543210 to collect.",Lottery Reward Scam,1,Yes,No,No,No,No,Yes,WhatsApp,Bank
"Final Warning: Your unclaimed lottery prize worth $250,000 will expire today at 5 PM! Pay $100 processing tax via Apple Gift Card now.",Lottery Reward Scam,1,Yes,Yes,No,No,Yes,Yes,Email,Company
"Congratulations from WhatsApp Lottery Team! You won £500,000. Send your ID proof and bank account details to claim your money today.",Lottery Reward Scam,1,No,No,Yes,No,No,Yes,WhatsApp,Company
"You have been awarded 1,000,000 EUR in EuroMillions Foundation. Reply YES to get instructions.",Lottery Reward Scam,1,No,No,No,No,No,Yes,SMS,Unknown
"GREETINGS! You won $10,000 Cash Prize in Toyota Annual Giveaway 🚗💨 Click link to confirm identity: https://toyota-giveaway-claim.net",Lottery Reward Scam,1,No,No,No,Yes,No,Yes,SMS,Company
"Alert: Your jackpot winning of $2,000,000 is pending verification. Please provide your online banking password and SSN to complete KYC process.",Lottery Reward Scam,1,Yes,No,Yes,No,No,Yes,Email,Unknown
"Congrats!! u r selected for Coca-Cola Summer Jackpot 🎊 Win $50,000 instant. Register account here http://coca-cola-promo.site/win",Lottery Reward Scam,1,No,No,No,Yes,No,Yes,WhatsApp,Company
Your Mobile No won Rs 10 Lakhs in KBC Lucky Draw 2026. Send copy of your Aadhaar card and PAN card to WhatsApp number +918889991122 to verify.,Lottery Reward Scam,1,No,No,Yes,No,No,Yes,WhatsApp,Company
"Claim your $1,000 PayPal Cash Reward now! Limited slots available for first 50 respondents. Visit http://paypal-rewards-claim.info",Lottery Reward Scam,1,Yes,No,No,Yes,No,Yes,SMS,Company
"Dear Beneficiary, UN Grant Lottery program has approved $500,000 for you. To proceed, wire $250 clearance fee to our representative in Ghana.",Lottery Reward Scam,1,No,Yes,No,No,No,Yes,Email,Government
You won brand new iPhone 16 Pro Max in Apple Annual Raffle! 📱 Pay shipping charge of $9.99 at http://apple-claim-store.tech to dispatch today.,Lottery Reward Scam,1,No,Yes,No,Yes,No,Yes,SMS,Company
"URGENT: Prize money $1,500,000 will be returned to treasury if not claimed within 2 hours. Click http://claim-lottery-now.com immediately!!",Lottery Reward Scam,1,Yes,No,No,Yes,Yes,Yes,SMS,Unknown
"Congratulations! You won 2nd prize in Shell Gas Scratch & Win. To receive $25,000 direct deposit, share your bank account details and debit card PIN.",Lottery Reward Scam,1,No,No,Yes,No,No,Yes,Email,Company
"Sir/Madam, your phone number won $850,000 in Chevrolet Mega Draw. Kindly reply with your full name, age, occupation and mobile number.",Lottery Reward Scam,1,No,No,Yes,No,No,Yes,Email,Company
"Win notification: You have 1 unread reward of $5,000 from Target Sweepstakes. Claim here: http://target-rewards-online.club",Lottery Reward Scam,1,No,No,No,Yes,No,Yes,SMS,Company
"Hurry!! Last chance to collect your $100,000 lottery cash prize! Deposit $50 registration fee via CashApp to tag $LotteryWinner2026.",Lottery Reward Scam,1,Yes,Yes,No,No,No,Yes,WhatsApp,Individual
"Your lucky number 7741 won £250,000 in UK Postcode Lottery. Text WIN to 88442 to get your check.",Lottery Reward Scam,1,No,No,No,No,No,Yes,SMS,Unknown
"Dear Customer, HDFC Bank Cash Draw awarded you Rs 5,00,000. Send OTP received on your mobile to transfer funds to your account immediately.",Lottery Reward Scam,1,Yes,No,Yes,No,No,Yes,SMS,Bank
"Woohoo! You are today's random winner of $2,500 Visa Gift Card 🎉🎁 Click http://visa-gift-claim.xyz to grab yours!",Lottery Reward Scam,1,No,No,No,Yes,No,Yes,SMS,Company
"ATTENTION: You won $4,000,000 in International Email Lottery. To receive payment via DHL delivery, reply with home address and passport copy.",Lottery Reward Scam,1,No,No,Yes,No,No,Yes,Email,Unknown
"You won! McDonald's Monopoly $10,000 cash reward is waiting for you. Verify account at http://mcdonalds-monopoly-win.org",Lottery Reward Scam,1,No,No,No,Yes,No,Yes,SMS,Company
"WARNING: Failure to pay $150 legal clearance tax within 12 hours will cancel your $500,000 Powerball prize! Pay via Crypto now.",Lottery Reward Scam,1,Yes,Yes,No,No,Yes,Yes,Email,Unknown
"Hello! I am agent Sarah from Publishers Clearing House. You won $1,000,000 plus a brand new car! Call me now at +1-800-555-0199.",Lottery Reward Scam,1,No,No,No,No,No,Yes,WhatsApp,Individual
"Congrats, your SIM was chosen in Jio Dhan Dhana Dhan offer for Rs 25 Lakh. Fill details & pay Rs 2500 processing fee: http://jio-dhan-draw.com",Lottery Reward Scam,1,No,Yes,Yes,Yes,No,Yes,WhatsApp,Company
"Your ticket #99281 won $100,000 in Spanish El Gordo Lottery! Contact claim desk at claims@elgordo-official-agent.net",Lottery Reward Scam,1,No,No,No,No,No,Yes,Email,Unknown
"FINAL NOTICE: Claim your $50,000 eBay Holiday Giveaway prize before midnight or funds will be permanently revoked!",Lottery Reward Scam,1,Yes,No,No,No,Yes,Yes,Email,Company
"You have won $75,000 in Samsung Global Tech Draw. Please send your mother's maiden name and bank credit card number to verify identity.",Lottery Reward Scam,1,No,No,Yes,No,No,Yes,WhatsApp,Company
Great news! You won $300 Starbucks gift card. Click link to redeem instant voucher http://starbucks-free-card.site,Lottery Reward Scam,1,No,No,No,Yes,No,Yes,SMS,Company
IMPORTANT: Federal Lottery Commission selected your address for $1.2M grant. Pay $500 transfer fee via Western Union today.,Lottery Reward Scam,1,Yes,Yes,No,No,No,Yes,Email,Government
"Lucky Winner! U won $20,000 in Crypto Airdrop Jackpot 🚀 Claim token now at http://crypto-jackpot-airdrop.io",Lottery Reward Scam,1,No,No,No,Yes,No,Yes,WhatsApp,Unknown
"You are selected for $100,000 Cash App Sweepstakes! Send $25 verification deposit to $VerifyCashApp to unlock payout.",Lottery Reward Scam,1,No,Yes,No,No,No,Yes,SMS,Company
"Congratulations! Google Anniversary Promo award you $500,000. Send email to google-winner-dept@consultant.com with your full contact info.",Lottery Reward Scam,1,No,No,Yes,No,No,Yes,Email,Company
"Urgent! $10,000 prize in Netflix Subscriber Draw expires in 30 mins! Confirm account password at http://netflix-prize-login.com",Lottery Reward Scam,1,Yes,No,Yes,Yes,Yes,Yes,SMS,Company
"Dear Winner, Commonwealth Foundation approved $350,000 award for you. Reply with bank account number and bank IFSC code for remittance.",Lottery Reward Scam,1,No,No,Yes,No,No,Yes,Email,Government
"You won $1,000,000 in Mega Millions! To process claim, send $200 processing fee to our claims manager via Zelle.",Lottery Reward Scam,1,No,Yes,No,No,No,Yes,SMS,Unknown
Hey! Your entry in Tesla Model 3 Lucky Draw won 1st prize 🚗⚡ Click http://tesla-draw-winner.org to schedule delivery.,Lottery Reward Scam,1,No,No,No,Yes,No,Yes,WhatsApp,Company
"LAST CHANCE: Your $500,000 sweepstakes reward will be permanently deleted in 1 HOUR. Redeem instantly at http://sweepstakes-quick-claim.net",Lottery Reward Scam,1,Yes,No,No,Yes,Yes,Yes,SMS,Unknown
"Congratulations! Your email won $650,000 in Australian Overseas Lottery. To transfer winnings, send copy of driving license and utility bill.",Lottery Reward Scam,1,No,No,Yes,No,No,Yes,Email,Unknown
"You got 1 free spin bonus & won $5,000 cash reward 🎰 Cash out now at http://casino-win-bonus.top",Lottery Reward Scam,1,No,No,No,Yes,No,Yes,SMS,Unknown
"Paytm Cash Reward: You won Rs. 50,000 scratch card bonus! Enter Paytm UPI PIN at http://paytm-scratch-reward.in to receive money in account.",Lottery Reward Scam,1,No,No,Yes,Yes,No,Yes,SMS,Company
"ALERT: Unclaimed jackpot of $2,200,000 detected for your IP address. Contact officer Mark on WhatsApp +1-202-555-0143 immediately.",Lottery Reward Scam,1,Yes,No,No,No,No,Yes,WhatsApp,Individual
"Dear Citizen, Government Tax-Free Lottery has awarded you $100,000. Send your bank card number, expiry date, and CVV to claim.",Lottery Reward Scam,1,No,No,Yes,No,No,Yes,Email,Government
"You won $10,000 Nike Shoe Raffle! 👟 Pay $15 customs fee at http://nike-raffle-winner.com to dispatch your prize package today.",Lottery Reward Scam,1,Yes,Yes,No,Yes,No,Yes,SMS,Company
Your ICICI Bank verification code is 104843. Do not share this code with anyone for security reasons.,Safe,0,Yes,No,Yes,No,No,No,SMS,Bank
Use OTP 802416 to complete your login attempt at Bank of America. Valid for 5 minutes.,Safe,0,No,No,Yes,No,No,No,Email,Bank
Security Alert: Your one-time passcode for Citi account access is 785747. Never give this code to callers.,Safe,0,Yes,No,Yes,No,No,No,SMS,Bank
Hi! Your 6-digit verification code for Slack sign-in is 828555.,Safe,0,No,No,Yes,No,No,No,SMS,Company
Use 944644 as your security pin to authorize transaction on Uber. Expires in 10 mins.,Safe,0,Yes,No,Yes,No,No,No,Email,Company
"Your single-use password for ICICI Bank portal is 482678. If you did not request this, please change your password.",Safe,0,No,No,Yes,No,No,No,SMS,Bank
Your GitHub verification code is 562524. Do not share this code with anyone for security reasons.,Safe,0,Yes,No,Yes,No,No,No,Email,Company
Use OTP 903940 to complete your login attempt at GitHub. Valid for 5 minutes.,Safe,0,No,No,Yes,No,No,No,SMS,Company
Security Alert: Your one-time passcode for Bank of America account access is 139840. Never give this code to callers.,Safe,0,Yes,No,Yes,No,No,No,Email,Bank
Hi! Your 6-digit verification code for Slack sign-in is 226049.,Safe,0,No,No,Yes,No,No,No,Email,Company
Use 890705 as your security pin to authorize transaction on Google. Expires in 10 mins.,Safe,0,Yes,No,Yes,No,No,No,SMS,Company
"Your single-use password for SBI portal is 351032. If you did not request this, please change your password.",Safe,0,No,No,Yes,No,No,No,Email,Bank
Your Apple verification code is 534896. Do not share this code with anyone for security reasons.,Safe,0,Yes,No,Yes,No,No,No,Email,Company
Use OTP 537228 to complete your login attempt at Wells Fargo. Valid for 5 minutes.,Safe,0,No,No,Yes,No,No,No,SMS,Bank
Security Alert: Your one-time passcode for GitHub account access is 986567. Never give this code to callers.,Safe,0,Yes,No,Yes,No,No,No,SMS,Company
Hi! Your 6-digit verification code for Google sign-in is 507030.,Safe,0,No,No,Yes,No,No,No,SMS,Company
Use 577010 as your security pin to authorize transaction on Wells Fargo. Expires in 10 mins.,Safe,0,Yes,No,Yes,No,No,No,SMS,Bank
"Your single-use password for Microsoft portal is 720220. If you did not request this, please change your password.",Safe,0,No,No,Yes,No,No,No,Email,Company
Your ICICI Bank verification code is 308162. Do not share this code with anyone for security reasons.,Safe,0,Yes,No,Yes,No,No,No,SMS,Bank
Use OTP 644267 to complete your login attempt at Google. Valid for 5 minutes.,Safe,0,No,No,Yes,No,No,No,SMS,Company
Security Alert: Your one-time passcode for Uber account access is 175682. Never give this code to callers.,Safe,0,Yes,No,Yes,No,No,No,Email,Company
Hi! Your 6-digit verification code for Bank of America sign-in is 473782.,Safe,0,No,No,Yes,No,No,No,SMS,Bank
Use 893270 as your security pin to authorize transaction on Amazon. Expires in 10 mins.,Safe,0,Yes,No,Yes,No,No,No,SMS,Company
"Your single-use password for Amazon portal is 410535. If you did not request this, please change your password.",Safe,0,No,No,Yes,No,No,No,Email,Company
Your Chase verification code is 124324. Do not share this code with anyone for security reasons.,Safe,0,Yes,No,Yes,No,No,No,Email,Bank
Use OTP 535124 to complete your login attempt at HDFC Bank. Valid for 5 minutes.,Safe,0,No,No,Yes,No,No,No,SMS,Bank
Security Alert: Your one-time passcode for Bank of America account access is 678411. Never give this code to callers.,Safe,0,Yes,No,Yes,No,No,No,SMS,Bank
Hi! Your 6-digit verification code for ICICI Bank sign-in is 940447.,Safe,0,No,No,Yes,No,No,No,SMS,Bank
Use 260576 as your security pin to authorize transaction on LinkedIn. Expires in 10 mins.,Safe,0,Yes,No,Yes,No,No,No,SMS,Company
"Your single-use password for Slack portal is 950217. If you did not request this, please change your password.",Safe,0,No,No,Yes,No,No,No,Email,Company
Your HDFC Bank verification code is 242611. Do not share this code with anyone for security reasons.,Safe,0,Yes,No,Yes,No,No,No,SMS,Bank
Use OTP 912011 to complete your login attempt at WhatsApp. Valid for 5 minutes.,Safe,0,No,No,Yes,No,No,No,SMS,Company
Security Alert: Your one-time passcode for GitHub account access is 780295. Never give this code to callers.,Safe,0,Yes,No,Yes,No,No,No,Email,Company
Hi! Your 6-digit verification code for Microsoft sign-in is 335973.,Safe,0,No,No,Yes,No,No,No,SMS,Company
Use 997542 as your security pin to authorize transaction on WhatsApp. Expires in 10 mins.,Safe,0,Yes,No,Yes,No,No,No,SMS,Company
"Your single-use password for Axis Bank portal is 529645. If you did not request this, please change your password.",Safe,0,No,No,Yes,No,No,No,SMS,Bank
Your Uber verification code is 696989. Do not share this code with anyone for security reasons.,Safe,0,Yes,No,Yes,No,No,No,Email,Company
Use OTP 256680 to complete your login attempt at Amazon. Valid for 5 minutes.,Safe,0,No,No,Yes,No,No,No,Email,Company
Security Alert: Your one-time passcode for HDFC Bank account access is 479343. Never give this code to callers.,Safe,0,Yes,No,Yes,No,No,No,Email,Bank
Hi! Your 6-digit verification code for Chase sign-in is 589485.,Safe,0,No,No,Yes,No,No,No,SMS,Bank
Use 542730 as your security pin to authorize transaction on Wells Fargo. Expires in 10 mins.,Safe,0,Yes,No,Yes,No,No,No,Email,Bank
"Your single-use password for Slack portal is 641592. If you did not request this, please change your password.",Safe,0,No,No,Yes,No,No,No,Email,Company
Your HDFC Bank verification code is 717924. Do not share this code with anyone for security reasons.,Safe,0,Yes,No,Yes,No,No,No,Email,Bank
Use OTP 615334 to complete your login attempt at Chase. Valid for 5 minutes.,Safe,0,No,No,Yes,No,No,No,Email,Bank
Security Alert: Your one-time passcode for Axis Bank account access is 442126. Never give this code to callers.,Safe,0,Yes,No,Yes,No,No,No,SMS,Bank
Hi! Your 6-digit verification code for Amazon sign-in is 531282.,Safe,0,No,No,Yes,No,No,No,SMS,Company
Use 616852 as your security pin to authorize transaction on ICICI Bank. Expires in 10 mins.,Safe,0,Yes,No,Yes,No,No,No,Email,Bank
"Your single-use password for Amazon portal is 595407. If you did not request this, please change your password.",Safe,0,No,No,Yes,No,No,No,SMS,Company
Your SBI verification code is 121879. Do not share this code with anyone for security reasons.,Safe,0,Yes,No,Yes,No,No,No,SMS,Bank
Use OTP 420395 to complete your login attempt at Slack. Valid for 5 minutes.,Safe,0,No,No,Yes,No,No,No,Email,Company
Security Alert: Your one-time passcode for Bank of America account access is 471782. Never give this code to callers.,Safe,0,Yes,No,Yes,No,No,No,Email,Bank
Hi! Your 6-digit verification code for HDFC Bank sign-in is 106693.,Safe,0,No,No,Yes,No,No,No,Email,Bank
Use 451851 as your security pin to authorize transaction on Apple. Expires in 10 mins.,Safe,0,Yes,No,Yes,No,No,No,Email,Company
"Your single-use password for LinkedIn portal is 891265. If you did not request this, please change your password.",Safe,0,No,No,Yes,No,No,No,Email,Company
Your Citi verification code is 163262. Do not share this code with anyone for security reasons.,Safe,0,Yes,No,Yes,No,No,No,SMS,Bank
Use OTP 552500 to complete your login attempt at ICICI Bank. Valid for 5 minutes.,Safe,0,No,No,Yes,No,No,No,Email,Bank
Security Alert: Your one-time passcode for Google account access is 876773. Never give this code to callers.,Safe,0,Yes,No,Yes,No,No,No,SMS,Company
Hi! Your 6-digit verification code for Amazon sign-in is 415055.,Safe,0,No,No,Yes,No,No,No,Email,Company
Use 758912 as your security pin to authorize transaction on Wells Fargo. Expires in 10 mins.,Safe,0,Yes,No,Yes,No,No,No,SMS,Bank
"Your single-use password for HDFC Bank portal is 589203. If you did not request this, please change your password.",Safe,0,No,No,Yes,No,No,No,Email,Bank
Your Apple verification code is 202393. Do not share this code with anyone for security reasons.,Safe,0,Yes,No,Yes,No,No,No,SMS,Company
Use OTP 824121 to complete your login attempt at GitHub. Valid for 5 minutes.,Safe,0,No,No,Yes,No,No,No,SMS,Company
Security Alert: Your one-time passcode for Citi account access is 439098. Never give this code to callers.,Safe,0,Yes,No,Yes,No,No,No,SMS,Bank
Hi! Your 6-digit verification code for Amazon sign-in is 516834.,Safe,0,No,No,Yes,No,No,No,SMS,Company
Use 743049 as your security pin to authorize transaction on Wells Fargo. Expires in 10 mins.,Safe,0,Yes,No,Yes,No,No,No,Email,Bank
"Your single-use password for HDFC Bank portal is 963371. If you did not request this, please change your password.",Safe,0,No,No,Yes,No,No,No,Email,Bank
Your Axis Bank verification code is 441105. Do not share this code with anyone for security reasons.,Safe,0,Yes,No,Yes,No,No,No,SMS,Bank
Use OTP 949608 to complete your login attempt at PayPal. Valid for 5 minutes.,Safe,0,No,No,Yes,No,No,No,SMS,Company
Security Alert: Your one-time passcode for Chase account access is 630114. Never give this code to callers.,Safe,0,Yes,No,Yes,No,No,No,SMS,Bank
Hi! Your 6-digit verification code for HDFC Bank sign-in is 994217.,Safe,0,No,No,Yes,No,No,No,Email,Bank
Use 651507 as your security pin to authorize transaction on LinkedIn. Expires in 10 mins.,Safe,0,Yes,No,Yes,No,No,No,Email,Company
"Your single-use password for Citi portal is 665395. If you did not request this, please change your password.",Safe,0,No,No,Yes,No,No,No,Email,Bank
Your LinkedIn verification code is 185169. Do not share this code with anyone for security reasons.,Safe,0,Yes,No,Yes,No,No,No,SMS,Company
Use OTP 396637 to complete your login attempt at Wells Fargo. Valid for 5 minutes.,Safe,0,No,No,Yes,No,No,No,SMS,Bank
Security Alert: Your one-time passcode for PayPal account access is 967077. Never give this code to callers.,Safe,0,Yes,No,Yes,No,No,No,Email,Company
Hi! Your 6-digit verification code for WhatsApp sign-in is 290641.,Safe,0,No,No,Yes,No,No,No,Email,Company
Use 333397 as your security pin to authorize transaction on Uber. Expires in 10 mins.,Safe,0,Yes,No,Yes,No,No,No,Email,Company
"Your single-use password for Microsoft portal is 172049. If you did not request this, please change your password.",Safe,0,No,No,Yes,No,No,No,Email,Company
Your Wells Fargo verification code is 854710. Do not share this code with anyone for security reasons.,Safe,0,Yes,No,Yes,No,No,No,SMS,Bank
Use OTP 598107 to complete your login attempt at Apple. Valid for 5 minutes.,Safe,0,No,No,Yes,No,No,No,SMS,Company
Security Alert: Your one-time passcode for Bank of America account access is 971009. Never give this code to callers.,Safe,0,Yes,No,Yes,No,No,No,Email,Bank
Hi! Your 6-digit verification code for LinkedIn sign-in is 989136.,Safe,0,No,No,Yes,No,No,No,SMS,Company
Use 128133 as your security pin to authorize transaction on PayPal. Expires in 10 mins.,Safe,0,Yes,No,Yes,No,No,No,SMS,Company
"Your single-use password for SBI portal is 890823. If you did not request this, please change your password.",Safe,0,No,No,Yes,No,No,No,Email,Bank
Your LinkedIn verification code is 650518. Do not share this code with anyone for security reasons.,Safe,0,Yes,No,Yes,No,No,No,Email,Company
Use OTP 778190 to complete your login attempt at Citi. Valid for 5 minutes.,Safe,0,No,No,Yes,No,No,No,Email,Bank
Security Alert: Your one-time passcode for SBI account access is 417995. Never give this code to callers.,Safe,0,Yes,No,Yes,No,No,No,Email,Bank
Hi! Your 6-digit verification code for GitHub sign-in is 865289.,Safe,0,No,No,Yes,No,No,No,Email,Company
Use 876479 as your security pin to authorize transaction on WhatsApp. Expires in 10 mins.,Safe,0,Yes,No,Yes,No,No,No,Email,Company
"Your single-use password for Chase portal is 449492. If you did not request this, please change your password.",Safe,0,No,No,Yes,No,No,No,Email,Bank
Your recent order with Amazon has been dispatched! Track your package live at https://www.amazon.com/your-orders,Safe,0,Yes,No,No,No,No,No,Email,Company
Your monthly account summary from Netflix is now ready for view: https://www.netflix.com/account,Safe,0,No,No,No,No,No,No,SMS,Company
Security Notice: New login to your Chase Bank account was recorded. Review activity: https://www.chase.com/statements,Safe,0,No,No,No,No,No,No,Email,Bank
Reminder from Income Tax Dept: Your subscription renewal is coming up soon. Manage preferences at https://www.incometax.gov.in/portal,Safe,0,Yes,No,No,No,No,No,SMS,Government
Your electronic document from Coursera is ready for download: https://www.coursera.org/learn,Safe,0,No,No,No,No,No,No,Email,Company
Important update regarding your service with Zoom. Please read full details here: https://www.zoom.us/j/98120491,Safe,0,No,No,No,No,No,No,SMS,Company
Your recent order with Google Workspace has been dispatched! Track your package live at https://www.google.com/drive,Safe,0,Yes,No,No,No,No,No,Email,Company
Your monthly account summary from Spotify is now ready for view: https://www.spotify.com/us/account,Safe,0,No,No,No,No,No,No,SMS,Company
Security Notice: New login to your Uber account was recorded. Review activity: https://www.uber.com/trips,Safe,0,No,No,No,No,No,No,Email,Company
Reminder from Swiggy: Your subscription renewal is coming up soon. Manage preferences at https://www.swiggy.com/orders,Safe,0,Yes,No,No,No,No,No,SMS,Company
Your electronic document from Transport Ministry is ready for download: https://www.parivahan.gov.in,Safe,0,No,No,No,No,No,No,Email,Government
Important update regarding your service with Apple. Please read full details here: https://www.apple.com/support,Safe,0,No,No,No,No,No,No,SMS,Company
Your recent order with GitHub has been dispatched! Track your package live at https://www.github.com/notifications,Safe,0,Yes,No,No,No,No,No,Email,Company
Your monthly account summary from PayPal is now ready for view: https://www.paypal.com/activity,Safe,0,No,No,No,No,No,No,SMS,Company
Security Notice: New login to your Nike Store account was recorded. Review activity: https://www.store.nike.com/orders,Safe,0,No,No,No,No,No,No,Email,Company
Reminder from Amazon: Your subscription renewal is coming up soon. Manage preferences at https://www.amazon.com/your-orders,Safe,0,Yes,No,No,No,No,No,SMS,Company
Your electronic document from Netflix is ready for download: https://www.netflix.com/account,Safe,0,No,No,No,No,No,No,Email,Company
Important update regarding your service with Chase Bank. Please read full details here: https://www.chase.com/statements,Safe,0,No,No,No,No,No,No,SMS,Bank
Your recent order with Income Tax Dept has been dispatched! Track your package live at https://www.incometax.gov.in/portal,Safe,0,Yes,No,No,No,No,No,Email,Government
Your monthly account summary from Coursera is now ready for view: https://www.coursera.org/learn,Safe,0,No,No,No,No,No,No,SMS,Company
Security Notice: New login to your Zoom account was recorded. Review activity: https://www.zoom.us/j/98120491,Safe,0,No,No,No,No,No,No,Email,Company
Reminder from Google Workspace: Your subscription renewal is coming up soon. Manage preferences at https://www.google.com/drive,Safe,0,Yes,No,No,No,No,No,SMS,Company
Your electronic document from Spotify is ready for download: https://www.spotify.com/us/account,Safe,0,No,No,No,No,No,No,Email,Company
Important update regarding your service with Uber. Please read full details here: https://www.uber.com/trips,Safe,0,No,No,No,No,No,No,SMS,Company
Your recent order with Swiggy has been dispatched! Track your package live at https://www.swiggy.com/orders,Safe,0,Yes,No,No,No,No,No,Email,Company
Your monthly account summary from Transport Ministry is now ready for view: https://www.parivahan.gov.in,Safe,0,No,No,No,No,No,No,SMS,Government
Security Notice: New login to your Apple account was recorded. Review activity: https://www.apple.com/support,Safe,0,No,No,No,No,No,No,Email,Company
Reminder from GitHub: Your subscription renewal is coming up soon. Manage preferences at https://www.github.com/notifications,Safe,0,Yes,No,No,No,No,No,SMS,Company
Your electronic document from PayPal is ready for download: https://www.paypal.com/activity,Safe,0,No,No,No,No,No,No,Email,Company
Important update regarding your service with Nike Store. Please read full details here: https://www.store.nike.com/orders,Safe,0,No,No,No,No,No,No,SMS,Company
Your recent order with Amazon has been dispatched! Track your package live at https://www.amazon.com/your-orders (Ref #1121),Safe,0,Yes,No,No,No,No,No,Email,Company
Your monthly account summary from Netflix is now ready for view: https://www.netflix.com/account (Ref #1122),Safe,0,No,No,No,No,No,No,SMS,Company
Security Notice: New login to your Chase Bank account was recorded. Review activity: https://www.chase.com/statements (Ref #1123),Safe,0,No,No,No,No,No,No,Email,Bank
Reminder from Income Tax Dept: Your subscription renewal is coming up soon. Manage preferences at https://www.incometax.gov.in/portal (Ref #1124),Safe,0,Yes,No,No,No,No,No,SMS,Government
Your electronic document from Coursera is ready for download: https://www.coursera.org/learn (Ref #1125),Safe,0,No,No,No,No,No,No,Email,Company
Important update regarding your service with Zoom. Please read full details here: https://www.zoom.us/j/98120491 (Ref #1126),Safe,0,No,No,No,No,No,No,SMS,Company
Your recent order with Google Workspace has been dispatched! Track your package live at https://www.google.com/drive (Ref #1127),Safe,0,Yes,No,No,No,No,No,Email,Company
Your monthly account summary from Spotify is now ready for view: https://www.spotify.com/us/account (Ref #1128),Safe,0,No,No,No,No,No,No,SMS,Company
Security Notice: New login to your Uber account was recorded. Review activity: https://www.uber.com/trips (Ref #1129),Safe,0,No,No,No,No,No,No,Email,Company
Reminder from Swiggy: Your subscription renewal is coming up soon. Manage preferences at https://www.swiggy.com/orders (Ref #1130),Safe,0,Yes,No,No,No,No,No,SMS,Company
Your electronic document from Transport Ministry is ready for download: https://www.parivahan.gov.in (Ref #1131),Safe,0,No,No,No,No,No,No,Email,Government
Important update regarding your service with Apple. Please read full details here: https://www.apple.com/support (Ref #1132),Safe,0,No,No,No,No,No,No,SMS,Company
Your recent order with GitHub has been dispatched! Track your package live at https://www.github.com/notifications (Ref #1133),Safe,0,Yes,No,No,No,No,No,Email,Company
Your monthly account summary from PayPal is now ready for view: https://www.paypal.com/activity (Ref #1134),Safe,0,No,No,No,No,No,No,SMS,Company
Security Notice: New login to your Nike Store account was recorded. Review activity: https://www.store.nike.com/orders (Ref #1135),Safe,0,No,No,No,No,No,No,Email,Company
Reminder from Amazon: Your subscription renewal is coming up soon. Manage preferences at https://www.amazon.com/your-orders (Ref #1136),Safe,0,Yes,No,No,No,No,No,SMS,Company
Your electronic document from Netflix is ready for download: https://www.netflix.com/account (Ref #1137),Safe,0,No,No,No,No,No,No,Email,Company
Important update regarding your service with Chase Bank. Please read full details here: https://www.chase.com/statements (Ref #1138),Safe,0,No,No,No,No,No,No,SMS,Bank
Your recent order with Income Tax Dept has been dispatched! Track your package live at https://www.incometax.gov.in/portal (Ref #1139),Safe,0,Yes,No,No,No,No,No,Email,Government
Your monthly account summary from Coursera is now ready for view: https://www.coursera.org/learn (Ref #1140),Safe,0,No,No,No,No,No,No,SMS,Company
Security Notice: New login to your Zoom account was recorded. Review activity: https://www.zoom.us/j/98120491 (Ref #1141),Safe,0,No,No,No,No,No,No,Email,Company
Reminder from Google Workspace: Your subscription renewal is coming up soon. Manage preferences at https://www.google.com/drive (Ref #1142),Safe,0,Yes,No,No,No,No,No,SMS,Company
Your electronic document from Spotify is ready for download: https://www.spotify.com/us/account (Ref #1143),Safe,0,No,No,No,No,No,No,Email,Company
Important update regarding your service with Uber. Please read full details here: https://www.uber.com/trips (Ref #1144),Safe,0,No,No,No,No,No,No,SMS,Company
Your recent order with Swiggy has been dispatched! Track your package live at https://www.swiggy.com/orders (Ref #1145),Safe,0,Yes,No,No,No,No,No,Email,Company
Your monthly account summary from Transport Ministry is now ready for view: https://www.parivahan.gov.in (Ref #1146),Safe,0,No,No,No,No,No,No,SMS,Government
Security Notice: New login to your Apple account was recorded. Review activity: https://www.apple.com/support (Ref #1147),Safe,0,No,No,No,No,No,No,Email,Company
Reminder from GitHub: Your subscription renewal is coming up soon. Manage preferences at https://www.github.com/notifications (Ref #1148),Safe,0,Yes,No,No,No,No,No,SMS,Company
Your electronic document from PayPal is ready for download: https://www.paypal.com/activity (Ref #1149),Safe,0,No,No,No,No,No,No,Email,Company
Important update regarding your service with Nike Store. Please read full details here: https://www.store.nike.com/orders (Ref #1150),Safe,0,No,No,No,No,No,No,SMS,Company
Your recent order with Amazon has been dispatched! Track your package live at https://www.amazon.com/your-orders (Ref #1151),Safe,0,Yes,No,No,No,No,No,Email,Company
Your monthly account summary from Netflix is now ready for view: https://www.netflix.com/account (Ref #1152),Safe,0,No,No,No,No,No,No,SMS,Company
Security Notice: New login to your Chase Bank account was recorded. Review activity: https://www.chase.com/statements (Ref #1153),Safe,0,No,No,No,No,No,No,Email,Bank
Reminder from Income Tax Dept: Your subscription renewal is coming up soon. Manage preferences at https://www.incometax.gov.in/portal (Ref #1154),Safe,0,Yes,No,No,No,No,No,SMS,Government
Your electronic document from Coursera is ready for download: https://www.coursera.org/learn (Ref #1155),Safe,0,No,No,No,No,No,No,Email,Company
Important update regarding your service with Zoom. Please read full details here: https://www.zoom.us/j/98120491 (Ref #1156),Safe,0,No,No,No,No,No,No,SMS,Company
Your recent order with Google Workspace has been dispatched! Track your package live at https://www.google.com/drive (Ref #1157),Safe,0,Yes,No,No,No,No,No,Email,Company
Your monthly account summary from Spotify is now ready for view: https://www.spotify.com/us/account (Ref #1158),Safe,0,No,No,No,No,No,No,SMS,Company
Security Notice: New login to your Uber account was recorded. Review activity: https://www.uber.com/trips (Ref #1159),Safe,0,No,No,No,No,No,No,Email,Company
Reminder from Swiggy: Your subscription renewal is coming up soon. Manage preferences at https://www.swiggy.com/orders (Ref #1160),Safe,0,Yes,No,No,No,No,No,SMS,Company
Your electronic document from Transport Ministry is ready for download: https://www.parivahan.gov.in (Ref #1161),Safe,0,No,No,No,No,No,No,Email,Government
Important update regarding your service with Apple. Please read full details here: https://www.apple.com/support (Ref #1162),Safe,0,No,No,No,No,No,No,SMS,Company
Your recent order with GitHub has been dispatched! Track your package live at https://www.github.com/notifications (Ref #1163),Safe,0,Yes,No,No,No,No,No,Email,Company
Your monthly account summary from PayPal is now ready for view: https://www.paypal.com/activity (Ref #1164),Safe,0,No,No,No,No,No,No,SMS,Company
Security Notice: New login to your Nike Store account was recorded. Review activity: https://www.store.nike.com/orders (Ref #1165),Safe,0,No,No,No,No,No,No,Email,Company
Reminder from Amazon: Your subscription renewal is coming up soon. Manage preferences at https://www.amazon.com/your-orders (Ref #1166),Safe,0,Yes,No,No,No,No,No,SMS,Company
Your electronic document from Netflix is ready for download: https://www.netflix.com/account (Ref #1167),Safe,0,No,No,No,No,No,No,Email,Company
Important update regarding your service with Chase Bank. Please read full details here: https://www.chase.com/statements (Ref #1168),Safe,0,No,No,No,No,No,No,SMS,Bank
Your recent order with Income Tax Dept has been dispatched! Track your package live at https://www.incometax.gov.in/portal (Ref #1169),Safe,0,Yes,No,No,No,No,No,Email,Government
Your monthly account summary from Coursera is now ready for view: https://www.coursera.org/learn (Ref #1170),Safe,0,No,No,No,No,No,No,SMS,Company
Security Notice: New login to your Zoom account was recorded. Review activity: https://www.zoom.us/j/98120491 (Ref #1171),Safe,0,No,No,No,No,No,No,Email,Company
Reminder from Google Workspace: Your subscription renewal is coming up soon. Manage preferences at https://www.google.com/drive (Ref #1172),Safe,0,Yes,No,No,No,No,No,SMS,Company
Your electronic document from Spotify is ready for download: https://www.spotify.com/us/account (Ref #1173),Safe,0,No,No,No,No,No,No,Email,Company
Important update regarding your service with Uber. Please read full details here: https://www.uber.com/trips (Ref #1174),Safe,0,No,No,No,No,No,No,SMS,Company
Your recent order with Swiggy has been dispatched! Track your package live at https://www.swiggy.com/orders (Ref #1175),Safe,0,Yes,No,No,No,No,No,Email,Company
Your monthly account summary from Transport Ministry is now ready for view: https://www.parivahan.gov.in (Ref #1176),Safe,0,No,No,No,No,No,No,SMS,Government
Security Notice: New login to your Apple account was recorded. Review activity: https://www.apple.com/support (Ref #1177),Safe,0,No,No,No,No,No,No,Email,Company
Reminder from GitHub: Your subscription renewal is coming up soon. Manage preferences at https://www.github.com/notifications (Ref #1178),Safe,0,Yes,No,No,No,No,No,SMS,Company
Your electronic document from PayPal is ready for download: https://www.paypal.com/activity (Ref #1179),Safe,0,No,No,No,No,No,No,Email,Company
Important update regarding your service with Nike Store. Please read full details here: https://www.store.nike.com/orders (Ref #1180),Safe,0,No,No,No,No,No,No,SMS,Company
Your recent order with Amazon has been dispatched! Track your package live at https://www.amazon.com/your-orders (Ref #1181),Safe,0,Yes,No,No,No,No,No,Email,Company
Your monthly account summary from Netflix is now ready for view: https://www.netflix.com/account (Ref #1182),Safe,0,No,No,No,No,No,No,SMS,Company
Security Notice: New login to your Chase Bank account was recorded. Review activity: https://www.chase.com/statements (Ref #1183),Safe,0,No,No,No,No,No,No,Email,Bank
Reminder from Income Tax Dept: Your subscription renewal is coming up soon. Manage preferences at https://www.incometax.gov.in/portal (Ref #1184),Safe,0,Yes,No,No,No,No,No,SMS,Government
Your electronic document from Coursera is ready for download: https://www.coursera.org/learn (Ref #1185),Safe,0,No,No,No,No,No,No,Email,Company
Important update regarding your service with Zoom. Please read full details here: https://www.zoom.us/j/98120491 (Ref #1186),Safe,0,No,No,No,No,No,No,SMS,Company
Your recent order with Google Workspace has been dispatched! Track your package live at https://www.google.com/drive (Ref #1187),Safe,0,Yes,No,No,No,No,No,Email,Company
Your monthly account summary from Spotify is now ready for view: https://www.spotify.com/us/account (Ref #1188),Safe,0,No,No,No,No,No,No,SMS,Company
Security Notice: New login to your Uber account was recorded. Review activity: https://www.uber.com/trips (Ref #1189),Safe,0,No,No,No,No,No,No,Email,Company
Reminder from Swiggy: Your subscription renewal is coming up soon. Manage preferences at https://www.swiggy.com/orders (Ref #1190),Safe,0,Yes,No,No,No,No,No,SMS,Company
Your electronic document from Transport Ministry is ready for download: https://www.parivahan.gov.in (Ref #1191),Safe,0,No,No,No,No,No,No,Email,Government
Important update regarding your service with Apple. Please read full details here: https://www.apple.com/support (Ref #1192),Safe,0,No,No,No,No,No,No,SMS,Company
Your recent order with GitHub has been dispatched! Track your package live at https://www.github.com/notifications (Ref #1193),Safe,0,Yes,No,No,No,No,No,Email,Company
Your monthly account summary from PayPal is now ready for view: https://www.paypal.com/activity (Ref #1194),Safe,0,No,No,No,No,No,No,SMS,Company
Security Notice: New login to your Nike Store account was recorded. Review activity: https://www.store.nike.com/orders (Ref #1195),Safe,0,No,No,No,No,No,No,Email,Company
Reminder from Amazon: Your subscription renewal is coming up soon. Manage preferences at https://www.amazon.com/your-orders (Ref #1196),Safe,0,Yes,No,No,No,No,No,SMS,Company
Your electronic document from Netflix is ready for download: https://www.netflix.com/account (Ref #1197),Safe,0,No,No,No,No,No,No,Email,Company
Important update regarding your service with Chase Bank. Please read full details here: https://www.chase.com/statements (Ref #1198),Safe,0,No,No,No,No,No,No,SMS,Bank
Your recent order with Income Tax Dept has been dispatched! Track your package live at https://www.incometax.gov.in/portal (Ref #1199),Safe,0,Yes,No,No,No,No,No,Email,Government
Your monthly account summary from Coursera is now ready for view: https://www.coursera.org/learn (Ref #1200),Safe,0,No,No,No,No,No,No,SMS,Company
Security Notice: New login to your Zoom account was recorded. Review activity: https://www.zoom.us/j/98120491 (Ref #1201),Safe,0,No,No,No,No,No,No,Email,Company
Reminder from Google Workspace: Your subscription renewal is coming up soon. Manage preferences at https://www.google.com/drive (Ref #1202),Safe,0,Yes,No,No,No,No,No,SMS,Company
Your electronic document from Spotify is ready for download: https://www.spotify.com/us/account (Ref #1203),Safe,0,No,No,No,No,No,No,Email,Company
Important update regarding your service with Uber. Please read full details here: https://www.uber.com/trips (Ref #1204),Safe,0,No,No,No,No,No,No,SMS,Company
Your recent order with Swiggy has been dispatched! Track your package live at https://www.swiggy.com/orders (Ref #1205),Safe,0,Yes,No,No,No,No,No,Email,Company
Your monthly account summary from Transport Ministry is now ready for view: https://www.parivahan.gov.in (Ref #1206),Safe,0,No,No,No,No,No,No,SMS,Government
Security Notice: New login to your Apple account was recorded. Review activity: https://www.apple.com/support (Ref #1207),Safe,0,No,No,No,No,No,No,Email,Company
Reminder from GitHub: Your subscription renewal is coming up soon. Manage preferences at https://www.github.com/notifications (Ref #1208),Safe,0,Yes,No,No,No,No,No,SMS,Company
Your electronic document from PayPal is ready for download: https://www.paypal.com/activity (Ref #1209),Safe,0,No,No,No,No,No,No,Email,Company
Important update regarding your service with Nike Store. Please read full details here: https://www.store.nike.com/orders (Ref #1210),Safe,0,No,No,No,No,No,No,SMS,Company
Your recent order with Amazon has been dispatched! Track your package live at https://www.amazon.com/your-orders (Ref #1211),Safe,0,Yes,No,No,No,No,No,Email,Company
Your monthly account summary from Netflix is now ready for view: https://www.netflix.com/account (Ref #1212),Safe,0,No,No,No,No,No,No,SMS,Company
Security Notice: New login to your Chase Bank account was recorded. Review activity: https://www.chase.com/statements (Ref #1213),Safe,0,No,No,No,No,No,No,Email,Bank
Reminder from Income Tax Dept: Your subscription renewal is coming up soon. Manage preferences at https://www.incometax.gov.in/portal (Ref #1214),Safe,0,Yes,No,No,No,No,No,SMS,Government
Your electronic document from Coursera is ready for download: https://www.coursera.org/learn (Ref #1215),Safe,0,No,No,No,No,No,No,Email,Company
Important update regarding your service with Zoom. Please read full details here: https://www.zoom.us/j/98120491 (Ref #1216),Safe,0,No,No,No,No,No,No,SMS,Company
Your recent order with Google Workspace has been dispatched! Track your package live at https://www.google.com/drive (Ref #1217),Safe,0,Yes,No,No,No,No,No,Email,Company
Your monthly account summary from Spotify is now ready for view: https://www.spotify.com/us/account (Ref #1218),Safe,0,No,No,No,No,No,No,SMS,Company
Security Notice: New login to your Uber account was recorded. Review activity: https://www.uber.com/trips (Ref #1219),Safe,0,No,No,No,No,No,No,Email,Company
Reminder from Swiggy: Your subscription renewal is coming up soon. Manage preferences at https://www.swiggy.com/orders (Ref #1220),Safe,0,Yes,No,No,No,No,No,SMS,Company
Your electronic document from Transport Ministry is ready for download: https://www.parivahan.gov.in (Ref #1221),Safe,0,No,No,No,No,No,No,Email,Government
Important update regarding your service with Apple. Please read full details here: https://www.apple.com/support (Ref #1222),Safe,0,No,No,No,No,No,No,SMS,Company
Your recent order with GitHub has been dispatched! Track your package live at https://www.github.com/notifications (Ref #1223),Safe,0,Yes,No,No,No,No,No,Email,Company
Your monthly account summary from PayPal is now ready for view: https://www.paypal.com/activity (Ref #1224),Safe,0,No,No,No,No,No,No,SMS,Company
Security Notice: New login to your Nike Store account was recorded. Review activity: https://www.store.nike.com/orders (Ref #1225),Safe,0,No,No,No,No,No,No,Email,Company
URGENT: Flight AI-102 gate has been changed to Gate 18. Boarding starts in 15 minutes at Delhi Airport.,Safe,0,Yes,No,No,No,No,No,SMS,Company
"Reminder: Doctor appointment with Dr. Mehta tomorrow at 11:30 AM. Reply 1 to Confirm, 2 to Reschedule.",Safe,0,Yes,No,No,No,No,No,SMS,Company
Hey! Quick reminder that our team standup is pushed to 4 PM today due to the client call.,Safe,0,Yes,No,No,No,No,No,WhatsApp,Individual
Notice: Scheduled maintenance on HDFC NetBanking today from 11 PM to 2 AM IST. Services will be briefly unavailable.,Safe,0,Yes,No,No,No,No,No,Email,Bank
Your Swiggy order delivery partner is arriving in 3 mins. Please stay near the door.,Safe,0,Yes,No,No,No,No,No,SMS,Company
Urban Company service pro Vijay has been assigned for your AC repair today at 2:00 PM.,Safe,0,Yes,No,No,No,No,No,SMS,Company
Bro can you send me the PDF file for yesterday's presentation before the 2 PM meeting?,Safe,0,Yes,No,No,No,No,No,WhatsApp,Individual
Reminder: Your municipal water bill payment is due on August 10. Late fees apply after due date.,Safe,0,Yes,Yes,No,No,No,No,Email,Government
Alert: USD 45.00 spent on card ending 8812 at Target. Reply NO if this transaction was not authorized by you.,Safe,0,Yes,Yes,No,No,No,No,SMS,Bank
"Your train PNR 4810294182 chart has been prepared. Coach S4, Berth 32 (Side Lower).",Safe,0,Yes,No,No,No,No,No,SMS,Company
Your car service at Toyota Service Center is complete. Vehicle is ready for pickup before 6 PM today.,Safe,0,Yes,No,No,No,No,No,Email,Company
Your Uber driver Rahul is outside in a Silver Dzire (KA01MJ9012). Call driver: +919812098120,Safe,0,Yes,No,No,No,No,No,SMS,Company
"Hey mom, my flight just landed! Taking a cab home now, should reach in 45 mins.",Safe,0,Yes,No,No,No,No,No,WhatsApp,Individual
Your SBI ATM card ending 4012 has been temporarily locked after 3 incorrect PIN attempts. Visit branch to unlock.,Safe,0,Yes,No,No,No,No,No,SMS,Bank
Final Call: Conference registration closes tonight at 11:59 PM. Reserve your seat for TechSummit 2026.,Safe,0,Yes,No,No,No,No,No,Email,Company
URGENT: Flight AI-102 gate has been changed to Gate 18. Boarding starts in 15 minutes at Delhi Airport. (Ref #1241),Safe,0,Yes,No,No,No,No,No,SMS,Company
"Reminder: Doctor appointment with Dr. Mehta tomorrow at 11:30 AM. Reply 1 to Confirm, 2 to Reschedule. Ref ID #5105",Safe,0,Yes,No,No,No,No,No,SMS,Company
Hey! Quick reminder that our team standup is pushed to 4 PM today due to the client call. Ref ID #9371,Safe,0,Yes,No,No,No,No,No,WhatsApp,Individual
Notice: Scheduled maintenance on HDFC NetBanking today from 11 PM to 2 AM IST. Services will be briefly unavailable. Ref ID #4260,Safe,0,Yes,No,No,No,No,No,Email,Bank
Your Swiggy order delivery partner is arriving in 3 mins. Please stay near the door. Ref ID #2656,Safe,0,Yes,No,No,No,No,No,SMS,Company
Urban Company service pro Vijay has been assigned for your AC repair today at 2:00 PM. Ref ID #4050,Safe,0,Yes,No,No,No,No,No,SMS,Company
Bro can you send me the PDF file for yesterday's presentation before the 2 PM meeting? Ref ID #8319,Safe,0,Yes,No,No,No,No,No,WhatsApp,Individual
Reminder: Your municipal water bill payment is due on August 10. Late fees apply after due date. Ref ID #3613,Safe,0,Yes,Yes,No,No,No,No,Email,Government
Alert: USD 45.00 spent on card ending 8812 at Target. Reply NO if this transaction was not authorized by you. Ref ID #8882,Safe,0,Yes,Yes,No,No,No,No,SMS,Bank
"Your train PNR 4810294182 chart has been prepared. Coach S4, Berth 32 (Side Lower). Ref ID #5551",Safe,0,Yes,No,No,No,No,No,SMS,Company
Your car service at Toyota Service Center is complete. Vehicle is ready for pickup before 6 PM today. Ref ID #1229,Safe,0,Yes,No,No,No,No,No,Email,Company
Your Uber driver Rahul is outside in a Silver Dzire (KA01MJ9012). Call driver: +919812098120 Ref ID #3099,Safe,0,Yes,No,No,No,No,No,SMS,Company
"Hey mom, my flight just landed! Taking a cab home now, should reach in 45 mins. Ref ID #5222",Safe,0,Yes,No,No,No,No,No,WhatsApp,Individual
Your SBI ATM card ending 4012 has been temporarily locked after 3 incorrect PIN attempts. Visit branch to unlock. Ref ID #2266,Safe,0,Yes,No,No,No,No,No,SMS,Bank
Final Call: Conference registration closes tonight at 11:59 PM. Reserve your seat for TechSummit 2026. Ref ID #3107,Safe,0,Yes,No,No,No,No,No,Email,Company
URGENT: Flight AI-102 gate has been changed to Gate 18. Boarding starts in 15 minutes at Delhi Airport. Ref ID #4448,Safe,0,Yes,No,No,No,No,No,SMS,Company
"Reminder: Doctor appointment with Dr. Mehta tomorrow at 11:30 AM. Reply 1 to Confirm, 2 to Reschedule. Ref ID #1645",Safe,0,Yes,No,No,No,No,No,SMS,Company
Hey! Quick reminder that our team standup is pushed to 4 PM today due to the client call. Ref ID #9955,Safe,0,Yes,No,No,No,No,No,WhatsApp,Individual
Notice: Scheduled maintenance on HDFC NetBanking today from 11 PM to 2 AM IST. Services will be briefly unavailable. Ref ID #7677,Safe,0,Yes,No,No,No,No,No,Email,Bank
Your Swiggy order delivery partner is arriving in 3 mins. Please stay near the door. Ref ID #6217,Safe,0,Yes,No,No,No,No,No,SMS,Company
Urban Company service pro Vijay has been assigned for your AC repair today at 2:00 PM. Ref ID #8388,Safe,0,Yes,No,No,No,No,No,SMS,Company
Bro can you send me the PDF file for yesterday's presentation before the 2 PM meeting? Ref ID #6506,Safe,0,Yes,No,No,No,No,No,WhatsApp,Individual
Reminder: Your municipal water bill payment is due on August 10. Late fees apply after due date. Ref ID #5723,Safe,0,Yes,Yes,No,No,No,No,Email,Government
Alert: USD 45.00 spent on card ending 8812 at Target. Reply NO if this transaction was not authorized by you. Ref ID #1179,Safe,0,Yes,Yes,No,No,No,No,SMS,Bank
"Your train PNR 4810294182 chart has been prepared. Coach S4, Berth 32 (Side Lower). Ref ID #7754",Safe,0,Yes,No,No,No,No,No,SMS,Company
Your car service at Toyota Service Center is complete. Vehicle is ready for pickup before 6 PM today. Ref ID #7598,Safe,0,Yes,No,No,No,No,No,Email,Company
Your Uber driver Rahul is outside in a Silver Dzire (KA01MJ9012). Call driver: +919812098120 Ref ID #8053,Safe,0,Yes,No,No,No,No,No,SMS,Company
"Hey mom, my flight just landed! Taking a cab home now, should reach in 45 mins. Ref ID #7340",Safe,0,Yes,No,No,No,No,No,WhatsApp,Individual
Your SBI ATM card ending 4012 has been temporarily locked after 3 incorrect PIN attempts. Visit branch to unlock. Ref ID #5121,Safe,0,Yes,No,No,No,No,No,SMS,Bank
Final Call: Conference registration closes tonight at 11:59 PM. Reserve your seat for TechSummit 2026. Ref ID #6262,Safe,0,Yes,No,No,No,No,No,Email,Company
URGENT: Flight AI-102 gate has been changed to Gate 18. Boarding starts in 15 minutes at Delhi Airport. Ref ID #5591,Safe,0,Yes,No,No,No,No,No,SMS,Company
"Reminder: Doctor appointment with Dr. Mehta tomorrow at 11:30 AM. Reply 1 to Confirm, 2 to Reschedule. Ref ID #3670",Safe,0,Yes,No,No,No,No,No,SMS,Company
Hey! Quick reminder that our team standup is pushed to 4 PM today due to the client call. Ref ID #5087,Safe,0,Yes,No,No,No,No,No,WhatsApp,Individual
Notice: Scheduled maintenance on HDFC NetBanking today from 11 PM to 2 AM IST. Services will be briefly unavailable. Ref ID #6467,Safe,0,Yes,No,No,No,No,No,Email,Bank
Your Swiggy order delivery partner is arriving in 3 mins. Please stay near the door. Ref ID #5904,Safe,0,Yes,No,No,No,No,No,SMS,Company
Urban Company service pro Vijay has been assigned for your AC repair today at 2:00 PM. Ref ID #1719,Safe,0,Yes,No,No,No,No,No,SMS,Company
Bro can you send me the PDF file for yesterday's presentation before the 2 PM meeting? Ref ID #8470,Safe,0,Yes,No,No,No,No,No,WhatsApp,Individual
Reminder: Your municipal water bill payment is due on August 10. Late fees apply after due date. Ref ID #6795,Safe,0,Yes,Yes,No,No,No,No,Email,Government
Alert: USD 45.00 spent on card ending 8812 at Target. Reply NO if this transaction was not authorized by you. Ref ID #3558,Safe,0,Yes,Yes,No,No,No,No,SMS,Bank
"Your train PNR 4810294182 chart has been prepared. Coach S4, Berth 32 (Side Lower). Ref ID #6205",Safe,0,Yes,No,No,No,No,No,SMS,Company
Your car service at Toyota Service Center is complete. Vehicle is ready for pickup before 6 PM today. Ref ID #7489,Safe,0,Yes,No,No,No,No,No,Email,Company
Your Uber driver Rahul is outside in a Silver Dzire (KA01MJ9012). Call driver: +919812098120 Ref ID #5738,Safe,0,Yes,No,No,No,No,No,SMS,Company
"Hey mom, my flight just landed! Taking a cab home now, should reach in 45 mins. Ref ID #5672",Safe,0,Yes,No,No,No,No,No,WhatsApp,Individual
Your SBI ATM card ending 4012 has been temporarily locked after 3 incorrect PIN attempts. Visit branch to unlock. Ref ID #7666,Safe,0,Yes,No,No,No,No,No,SMS,Bank
Final Call: Conference registration closes tonight at 11:59 PM. Reserve your seat for TechSummit 2026. Ref ID #1138,Safe,0,Yes,No,No,No,No,No,Email,Company
URGENT: Flight AI-102 gate has been changed to Gate 18. Boarding starts in 15 minutes at Delhi Airport. Ref ID #3459,Safe,0,Yes,No,No,No,No,No,SMS,Company
"Reminder: Doctor appointment with Dr. Mehta tomorrow at 11:30 AM. Reply 1 to Confirm, 2 to Reschedule. Ref ID #2141",Safe,0,Yes,No,No,No,No,No,SMS,Company
Hey! Quick reminder that our team standup is pushed to 4 PM today due to the client call. Ref ID #9634,Safe,0,Yes,No,No,No,No,No,WhatsApp,Individual
Notice: Scheduled maintenance on HDFC NetBanking today from 11 PM to 2 AM IST. Services will be briefly unavailable. Ref ID #2612,Safe,0,Yes,No,No,No,No,No,Email,Bank
Your Swiggy order delivery partner is arriving in 3 mins. Please stay near the door. Ref ID #1774,Safe,0,Yes,No,No,No,No,No,SMS,Company
Urban Company service pro Vijay has been assigned for your AC repair today at 2:00 PM. Ref ID #5395,Safe,0,Yes,No,No,No,No,No,SMS,Company
Bro can you send me the PDF file for yesterday's presentation before the 2 PM meeting? Ref ID #3088,Safe,0,Yes,No,No,No,No,No,WhatsApp,Individual
Reminder: Your municipal water bill payment is due on August 10. Late fees apply after due date. Ref ID #1104,Safe,0,Yes,Yes,No,No,No,No,Email,Government
Alert: USD 45.00 spent on card ending 8812 at Target. Reply NO if this transaction was not authorized by you. Ref ID #8626,Safe,0,Yes,Yes,No,No,No,No,SMS,Bank
"Your train PNR 4810294182 chart has been prepared. Coach S4, Berth 32 (Side Lower). Ref ID #9361",Safe,0,Yes,No,No,No,No,No,SMS,Company
Your car service at Toyota Service Center is complete. Vehicle is ready for pickup before 6 PM today. Ref ID #5599,Safe,0,Yes,No,No,No,No,No,Email,Company
Your Uber driver Rahul is outside in a Silver Dzire (KA01MJ9012). Call driver: +919812098120 Ref ID #5719,Safe,0,Yes,No,No,No,No,No,SMS,Company
"Hey mom, my flight just landed! Taking a cab home now, should reach in 45 mins. Ref ID #3818",Safe,0,Yes,No,No,No,No,No,WhatsApp,Individual
Your SBI ATM card ending 4012 has been temporarily locked after 3 incorrect PIN attempts. Visit branch to unlock. Ref ID #1492,Safe,0,Yes,No,No,No,No,No,SMS,Bank
Final Call: Conference registration closes tonight at 11:59 PM. Reserve your seat for TechSummit 2026. Ref ID #2270,Safe,0,Yes,No,No,No,No,No,Email,Company
URGENT: Flight AI-102 gate has been changed to Gate 18. Boarding starts in 15 minutes at Delhi Airport. Ref ID #7744,Safe,0,Yes,No,No,No,No,No,SMS,Company
"Reminder: Doctor appointment with Dr. Mehta tomorrow at 11:30 AM. Reply 1 to Confirm, 2 to Reschedule. Ref ID #4066",Safe,0,Yes,No,No,No,No,No,SMS,Company
Hey! Quick reminder that our team standup is pushed to 4 PM today due to the client call. Ref ID #4269,Safe,0,Yes,No,No,No,No,No,WhatsApp,Individual
Notice: Scheduled maintenance on HDFC NetBanking today from 11 PM to 2 AM IST. Services will be briefly unavailable. Ref ID #5412,Safe,0,Yes,No,No,No,No,No,Email,Bank
Your Swiggy order delivery partner is arriving in 3 mins. Please stay near the door. Ref ID #6256,Safe,0,Yes,No,No,No,No,No,SMS,Company
Urban Company service pro Vijay has been assigned for your AC repair today at 2:00 PM. Ref ID #7935,Safe,0,Yes,No,No,No,No,No,SMS,Company
Bro can you send me the PDF file for yesterday's presentation before the 2 PM meeting? Ref ID #4360,Safe,0,Yes,No,No,No,No,No,WhatsApp,Individual
Reminder: Your municipal water bill payment is due on August 10. Late fees apply after due date. Ref ID #2875,Safe,0,Yes,Yes,No,No,No,No,Email,Government
Alert: USD 45.00 spent on card ending 8812 at Target. Reply NO if this transaction was not authorized by you. Ref ID #6510,Safe,0,Yes,Yes,No,No,No,No,SMS,Bank
"Your train PNR 4810294182 chart has been prepared. Coach S4, Berth 32 (Side Lower). Ref ID #4026",Safe,0,Yes,No,No,No,No,No,SMS,Company
Your car service at Toyota Service Center is complete. Vehicle is ready for pickup before 6 PM today. Ref ID #7244,Safe,0,Yes,No,No,No,No,No,Email,Company
Your Uber driver Rahul is outside in a Silver Dzire (KA01MJ9012). Call driver: +919812098120 Ref ID #6084,Safe,0,Yes,No,No,No,No,No,SMS,Company
"Hey mom, my flight just landed! Taking a cab home now, should reach in 45 mins. Ref ID #1952",Safe,0,Yes,No,No,No,No,No,WhatsApp,Individual
Your SBI ATM card ending 4012 has been temporarily locked after 3 incorrect PIN attempts. Visit branch to unlock. Ref ID #1550,Safe,0,Yes,No,No,No,No,No,SMS,Bank
Final Call: Conference registration closes tonight at 11:59 PM. Reserve your seat for TechSummit 2026. Ref ID #8064,Safe,0,Yes,No,No,No,No,No,Email,Company
URGENT: Flight AI-102 gate has been changed to Gate 18. Boarding starts in 15 minutes at Delhi Airport. Ref ID #9996,Safe,0,Yes,No,No,No,No,No,SMS,Company
"Reminder: Doctor appointment with Dr. Mehta tomorrow at 11:30 AM. Reply 1 to Confirm, 2 to Reschedule. Ref ID #3671",Safe,0,Yes,No,No,No,No,No,SMS,Company
Hey! Quick reminder that our team standup is pushed to 4 PM today due to the client call. Ref ID #7142,Safe,0,Yes,No,No,No,No,No,WhatsApp,Individual
Notice: Scheduled maintenance on HDFC NetBanking today from 11 PM to 2 AM IST. Services will be briefly unavailable. Ref ID #7873,Safe,0,Yes,No,No,No,No,No,Email,Bank
Your Swiggy order delivery partner is arriving in 3 mins. Please stay near the door. Ref ID #2542,Safe,0,Yes,No,No,No,No,No,SMS,Company
Urban Company service pro Vijay has been assigned for your AC repair today at 2:00 PM. Ref ID #8326,Safe,0,Yes,No,No,No,No,No,SMS,Company
Bro can you send me the PDF file for yesterday's presentation before the 2 PM meeting? Ref ID #6555,Safe,0,Yes,No,No,No,No,No,WhatsApp,Individual
Reminder: Your municipal water bill payment is due on August 10. Late fees apply after due date. Ref ID #9555,Safe,0,Yes,Yes,No,No,No,No,Email,Government
Alert: USD 45.00 spent on card ending 8812 at Target. Reply NO if this transaction was not authorized by you. Ref ID #5399,Safe,0,Yes,Yes,No,No,No,No,SMS,Bank
"Your train PNR 4810294182 chart has been prepared. Coach S4, Berth 32 (Side Lower). Ref ID #7034",Safe,0,Yes,No,No,No,No,No,SMS,Company
Your car service at Toyota Service Center is complete. Vehicle is ready for pickup before 6 PM today. Ref ID #8450,Safe,0,Yes,No,No,No,No,No,Email,Company
Your Uber driver Rahul is outside in a Silver Dzire (KA01MJ9012). Call driver: +919812098120 Ref ID #7842,Safe,0,Yes,No,No,No,No,No,SMS,Company
"Hey mom, my flight just landed! Taking a cab home now, should reach in 45 mins. Ref ID #1125",Safe,0,Yes,No,No,No,No,No,WhatsApp,Individual
Your SBI ATM card ending 4012 has been temporarily locked after 3 incorrect PIN attempts. Visit branch to unlock. Ref ID #7341,Safe,0,Yes,No,No,No,No,No,SMS,Bank
Final Call: Conference registration closes tonight at 11:59 PM. Reserve your seat for TechSummit 2026. Ref ID #7129,Safe,0,Yes,No,No,No,No,No,Email,Company
URGENT: Flight AI-102 gate has been changed to Gate 18. Boarding starts in 15 minutes at Delhi Airport. Ref ID #4325,Safe,0,Yes,No,No,No,No,No,SMS,Company
"Reminder: Doctor appointment with Dr. Mehta tomorrow at 11:30 AM. Reply 1 to Confirm, 2 to Reschedule. Ref ID #9585",Safe,0,Yes,No,No,No,No,No,SMS,Company
Hey! Quick reminder that our team standup is pushed to 4 PM today due to the client call. Ref ID #5314,Safe,0,Yes,No,No,No,No,No,WhatsApp,Individual
Notice: Scheduled maintenance on HDFC NetBanking today from 11 PM to 2 AM IST. Services will be briefly unavailable. Ref ID #8817,Safe,0,Yes,No,No,No,No,No,Email,Bank
Your Swiggy order delivery partner is arriving in 3 mins. Please stay near the door. Ref ID #1516,Safe,0,Yes,No,No,No,No,No,SMS,Company
Urban Company service pro Vijay has been assigned for your AC repair today at 2:00 PM. Ref ID #9576,Safe,0,Yes,No,No,No,No,No,SMS,Company
Bro can you send me the PDF file for yesterday's presentation before the 2 PM meeting? Ref ID #2572,Safe,0,Yes,No,No,No,No,No,WhatsApp,Individual
Reminder: Your municipal water bill payment is due on August 10. Late fees apply after due date. Ref ID #6171,Safe,0,Yes,Yes,No,No,No,No,Email,Government
Alert: USD 45.00 spent on card ending 8812 at Target. Reply NO if this transaction was not authorized by you. Ref ID #9996,Safe,0,Yes,Yes,No,No,No,No,SMS,Bank
"Your train PNR 4810294182 chart has been prepared. Coach S4, Berth 32 (Side Lower). Ref ID #7581",Safe,0,Yes,No,No,No,No,No,SMS,Company
Your car service at Toyota Service Center is complete. Vehicle is ready for pickup before 6 PM today. Ref ID #6497,Safe,0,Yes,No,No,No,No,No,Email,Company
Your Uber driver Rahul is outside in a Silver Dzire (KA01MJ9012). Call driver: +919812098120 Ref ID #8657,Safe,0,Yes,No,No,No,No,No,SMS,Company
"Hey mom, my flight just landed! Taking a cab home now, should reach in 45 mins. Ref ID #4669",Safe,0,Yes,No,No,No,No,No,WhatsApp,Individual
Your SBI ATM card ending 4012 has been temporarily locked after 3 incorrect PIN attempts. Visit branch to unlock. Ref ID #5965,Safe,0,Yes,No,No,No,No,No,SMS,Bank
Final Call: Conference registration closes tonight at 11:59 PM. Reserve your seat for TechSummit 2026. Ref ID #3677,Safe,0,Yes,No,No,No,No,No,Email,Company
URGENT: Flight AI-102 gate has been changed to Gate 18. Boarding starts in 15 minutes at Delhi Airport. Ref ID #5900,Safe,0,Yes,No,No,No,No,No,SMS,Company
"Reminder: Doctor appointment with Dr. Mehta tomorrow at 11:30 AM. Reply 1 to Confirm, 2 to Reschedule. Ref ID #9335",Safe,0,Yes,No,No,No,No,No,SMS,Company
Hey! Quick reminder that our team standup is pushed to 4 PM today due to the client call. Ref ID #8002,Safe,0,Yes,No,No,No,No,No,WhatsApp,Individual
Notice: Scheduled maintenance on HDFC NetBanking today from 11 PM to 2 AM IST. Services will be briefly unavailable. Ref ID #8678,Safe,0,Yes,No,No,No,No,No,Email,Bank
Your Swiggy order delivery partner is arriving in 3 mins. Please stay near the door. Ref ID #3773,Safe,0,Yes,No,No,No,No,No,SMS,Company
Urban Company service pro Vijay has been assigned for your AC repair today at 2:00 PM. Ref ID #5548,Safe,0,Yes,No,No,No,No,No,SMS,Company
Bro can you send me the PDF file for yesterday's presentation before the 2 PM meeting? Ref ID #7462,Safe,0,Yes,No,No,No,No,No,WhatsApp,Individual
Reminder: Your municipal water bill payment is due on August 10. Late fees apply after due date. Ref ID #5257,Safe,0,Yes,Yes,No,No,No,No,Email,Government
Alert: USD 45.00 spent on card ending 8812 at Target. Reply NO if this transaction was not authorized by you. Ref ID #3769,Safe,0,Yes,Yes,No,No,No,No,SMS,Bank
"Your train PNR 4810294182 chart has been prepared. Coach S4, Berth 32 (Side Lower). Ref ID #6721",Safe,0,Yes,No,No,No,No,No,SMS,Company
Your car service at Toyota Service Center is complete. Vehicle is ready for pickup before 6 PM today. Ref ID #6269,Safe,0,Yes,No,No,No,No,No,Email,Company
Your Uber driver Rahul is outside in a Silver Dzire (KA01MJ9012). Call driver: +919812098120 Ref ID #5464,Safe,0,Yes,No,No,No,No,No,SMS,Company
"Hey mom, my flight just landed! Taking a cab home now, should reach in 45 mins. Ref ID #8081",Safe,0,Yes,No,No,No,No,No,WhatsApp,Individual
Your SBI ATM card ending 4012 has been temporarily locked after 3 incorrect PIN attempts. Visit branch to unlock. Ref ID #1939,Safe,0,Yes,No,No,No,No,No,SMS,Bank
Final Call: Conference registration closes tonight at 11:59 PM. Reserve your seat for TechSummit 2026. Ref ID #3935,Safe,0,Yes,No,No,No,No,No,Email,Company
"Hey man, did you see the football match last night? What a goal in stoppage time!! ⚽🔥",Safe,0,No,No,No,No,No,No,WhatsApp,Individual
Thanks for inviting us over for dinner yesterday! Everything was delicious 😋,Safe,0,No,No,No,No,No,No,WhatsApp,Individual
"Hey, can u lend me $20 for petrol? I will Venmo u back as soon as I get home!",Safe,0,Yes,Yes,No,No,No,No,WhatsApp,Individual
Happy Birthday Alex!! Hope you have a wonderful year ahead filled with happiness 🥳🎂,Safe,0,No,No,No,No,No,No,SMS,Individual
"Dear Valued Customer, thank you for contacting Zendesk Support. Ticket #88410 has been resolved.",Safe,0,No,No,No,No,No,No,Email,Company
"Dear SBI Customer, as per regulations, please update your periodic KYC by visiting your home branch.",Safe,0,No,No,Yes,No,No,No,SMS,Bank
"Hi Sarah, thanks for attending the interview today! We will get back to you with feedback by Friday.",Safe,0,No,No,No,No,No,No,Email,Company
"Don't forget to buy grocery items on ur way home from office. Need bread, milk, and eggs!",Safe,0,No,No,No,No,No,No,WhatsApp,Individual
Your monthly broadband bill of Rs. 799 for account 9012849 is generated. Due date: 15-Aug-2026.,Safe,0,No,Yes,No,No,No,No,SMS,Company
Confirmation: Your appointment at Passport Seva Kendra is confirmed for 12-Aug-2026 at 10:15 AM.,Safe,0,No,No,No,No,No,No,Email,Government
"Hey bro, are we still going for hiking this Sunday morning? Let me know the plan.",Safe,0,No,No,No,No,No,No,WhatsApp,Individual
"Salary Credited: Your ICICI account XX4910 credited with Rs 65,000.00 via NEFT.",Safe,0,No,No,No,No,No,No,SMS,Bank
Your Kindle ebook purchase confirmation. Order #402-981204-123. Total: $9.99.,Safe,0,No,No,No,No,No,No,Email,Company
Good morning team! Please review the attached slide deck before our 11 AM client presentation.,Safe,0,No,No,No,No,No,No,WhatsApp,Individual
Your prescription from CVS Pharmacy #4821 is ready for pickup. Hours today: 8 AM - 9 PM.,Safe,0,No,No,No,No,No,No,SMS,Company
"Hey man, did you see the football match last night? What a goal in stoppage time!! ⚽🔥 [15]",Safe,0,No,No,No,No,No,No,WhatsApp,Individual
Thanks for inviting us over for dinner yesterday! Everything was delicious 😋 [16],Safe,0,No,No,No,No,No,No,WhatsApp,Individual
"Hey, can u lend me $20 for petrol? I will Venmo u back as soon as I get home! [17]",Safe,0,Yes,Yes,No,No,No,No,WhatsApp,Individual
Happy Birthday Alex!! Hope you have a wonderful year ahead filled with happiness 🥳🎂 [18],Safe,0,No,No,No,No,No,No,SMS,Individual
"Dear Valued Customer, thank you for contacting Zendesk Support. Ticket #88410 has been resolved. [19]",Safe,0,No,No,No,No,No,No,Email,Company
"Dear SBI Customer, as per regulations, please update your periodic KYC by visiting your home branch. [20]",Safe,0,No,No,Yes,No,No,No,SMS,Bank
"Hi Sarah, thanks for attending the interview today! We will get back to you with feedback by Friday. [21]",Safe,0,No,No,No,No,No,No,Email,Company
"Don't forget to buy grocery items on ur way home from office. Need bread, milk, and eggs! [22]",Safe,0,No,No,No,No,No,No,WhatsApp,Individual
Your monthly broadband bill of Rs. 799 for account 9012849 is generated. Due date: 15-Aug-2026. [23],Safe,0,No,Yes,No,No,No,No,SMS,Company
Confirmation: Your appointment at Passport Seva Kendra is confirmed for 12-Aug-2026 at 10:15 AM. [24],Safe,0,No,No,No,No,No,No,Email,Government
"Hey bro, are we still going for hiking this Sunday morning? Let me know the plan. [25]",Safe,0,No,No,No,No,No,No,WhatsApp,Individual
"Salary Credited: Your ICICI account XX4910 credited with Rs 65,000.00 via NEFT. [26]",Safe,0,No,No,No,No,No,No,SMS,Bank
Your Kindle ebook purchase confirmation. Order #402-981204-123. Total: $9.99. [27],Safe,0,No,No,No,No,No,No,Email,Company
Good morning team! Please review the attached slide deck before our 11 AM client presentation. [28],Safe,0,No,No,No,No,No,No,WhatsApp,Individual
Your prescription from CVS Pharmacy #4821 is ready for pickup. Hours today: 8 AM - 9 PM. [29],Safe,0,No,No,No,No,No,No,SMS,Company
"Hey man, did you see the football match last night? What a goal in stoppage time!! ⚽🔥 [30]",Safe,0,No,No,No,No,No,No,WhatsApp,Individual
Thanks for inviting us over for dinner yesterday! Everything was delicious 😋 [31],Safe,0,No,No,No,No,No,No,WhatsApp,Individual
"Hey, can u lend me $20 for petrol? I will Venmo u back as soon as I get home! [32]",Safe,0,Yes,Yes,No,No,No,No,WhatsApp,Individual
Happy Birthday Alex!! Hope you have a wonderful year ahead filled with happiness 🥳🎂 [33],Safe,0,No,No,No,No,No,No,SMS,Individual
"Dear Valued Customer, thank you for contacting Zendesk Support. Ticket #88410 has been resolved. [34]",Safe,0,No,No,No,No,No,No,Email,Company
"Dear SBI Customer, as per regulations, please update your periodic KYC by visiting your home branch. [35]",Safe,0,No,No,Yes,No,No,No,SMS,Bank
"Hi Sarah, thanks for attending the interview today! We will get back to you with feedback by Friday. [36]",Safe,0,No,No,No,No,No,No,Email,Company
"Don't forget to buy grocery items on ur way home from office. Need bread, milk, and eggs! [37]",Safe,0,No,No,No,No,No,No,WhatsApp,Individual
Your monthly broadband bill of Rs. 799 for account 9012849 is generated. Due date: 15-Aug-2026. [38],Safe,0,No,Yes,No,No,No,No,SMS,Company
Confirmation: Your appointment at Passport Seva Kendra is confirmed for 12-Aug-2026 at 10:15 AM. [39],Safe,0,No,No,No,No,No,No,Email,Government
"Hey bro, are we still going for hiking this Sunday morning? Let me know the plan. [40]",Safe,0,No,No,No,No,No,No,WhatsApp,Individual
"Salary Credited: Your ICICI account XX4910 credited with Rs 65,000.00 via NEFT. [41]",Safe,0,No,No,No,No,No,No,SMS,Bank
Your Kindle ebook purchase confirmation. Order #402-981204-123. Total: $9.99. [42],Safe,0,No,No,No,No,No,No,Email,Company
Good morning team! Please review the attached slide deck before our 11 AM client presentation. [43],Safe,0,No,No,No,No,No,No,WhatsApp,Individual
Your prescription from CVS Pharmacy #4821 is ready for pickup. Hours today: 8 AM - 9 PM. [44],Safe,0,No,No,No,No,No,No,SMS,Company
"Hey man, did you see the football match last night? What a goal in stoppage time!! ⚽🔥 [45]",Safe,0,No,No,No,No,No,No,WhatsApp,Individual
Thanks for inviting us over for dinner yesterday! Everything was delicious 😋 [46],Safe,0,No,No,No,No,No,No,WhatsApp,Individual
"Hey, can u lend me $20 for petrol? I will Venmo u back as soon as I get home! [47]",Safe,0,Yes,Yes,No,No,No,No,WhatsApp,Individual
Happy Birthday Alex!! Hope you have a wonderful year ahead filled with happiness 🥳🎂 [48],Safe,0,No,No,No,No,No,No,SMS,Individual
"Dear Valued Customer, thank you for contacting Zendesk Support. Ticket #88410 has been resolved. [49]",Safe,0,No,No,No,No,No,No,Email,Company
"Dear SBI Customer, as per regulations, please update your periodic KYC by visiting your home branch. [50]",Safe,0,No,No,Yes,No,No,No,SMS,Bank
"Hi Sarah, thanks for attending the interview today! We will get back to you with feedback by Friday. [51]",Safe,0,No,No,No,No,No,No,Email,Company
"Don't forget to buy grocery items on ur way home from office. Need bread, milk, and eggs! [52]",Safe,0,No,No,No,No,No,No,WhatsApp,Individual
Your monthly broadband bill of Rs. 799 for account 9012849 is generated. Due date: 15-Aug-2026. [53],Safe,0,No,Yes,No,No,No,No,SMS,Company
Confirmation: Your appointment at Passport Seva Kendra is confirmed for 12-Aug-2026 at 10:15 AM. [54],Safe,0,No,No,No,No,No,No,Email,Government
"Hey bro, are we still going for hiking this Sunday morning? Let me know the plan. [55]",Safe,0,No,No,No,No,No,No,WhatsApp,Individual
"Salary Credited: Your ICICI account XX4910 credited with Rs 65,000.00 via NEFT. [56]",Safe,0,No,No,No,No,No,No,SMS,Bank
Your Kindle ebook purchase confirmation. Order #402-981204-123. Total: $9.99. [57],Safe,0,No,No,No,No,No,No,Email,Company
Good morning team! Please review the attached slide deck before our 11 AM client presentation. [58],Safe,0,No,No,No,No,No,No,WhatsApp,Individual
Your prescription from CVS Pharmacy #4821 is ready for pickup. Hours today: 8 AM - 9 PM. [59],Safe,0,No,No,No,No,No,No,SMS,Company
"Hey man, did you see the football match last night? What a goal in stoppage time!! ⚽🔥 [60]",Safe,0,No,No,No,No,No,No,WhatsApp,Individual
Thanks for inviting us over for dinner yesterday! Everything was delicious 😋 [61],Safe,0,No,No,No,No,No,No,WhatsApp,Individual
"Hey, can u lend me $20 for petrol? I will Venmo u back as soon as I get home! [62]",Safe,0,Yes,Yes,No,No,No,No,WhatsApp,Individual
Happy Birthday Alex!! Hope you have a wonderful year ahead filled with happiness 🥳🎂 [63],Safe,0,No,No,No,No,No,No,SMS,Individual
"Dear Valued Customer, thank you for contacting Zendesk Support. Ticket #88410 has been resolved. [64]",Safe,0,No,No,No,No,No,No,Email,Company
"Dear SBI Customer, as per regulations, please update your periodic KYC by visiting your home branch. [65]",Safe,0,No,No,Yes,No,No,No,SMS,Bank
"Hi Sarah, thanks for attending the interview today! We will get back to you with feedback by Friday. [66]",Safe,0,No,No,No,No,No,No,Email,Company
"Don't forget to buy grocery items on ur way home from office. Need bread, milk, and eggs! [67]",Safe,0,No,No,No,No,No,No,WhatsApp,Individual
Your monthly broadband bill of Rs. 799 for account 9012849 is generated. Due date: 15-Aug-2026. [68],Safe,0,No,Yes,No,No,No,No,SMS,Company
Confirmation: Your appointment at Passport Seva Kendra is confirmed for 12-Aug-2026 at 10:15 AM. [69],Safe,0,No,No,No,No,No,No,Email,Government
"Hey bro, are we still going for hiking this Sunday morning? Let me know the plan. [70]",Safe,0,No,No,No,No,No,No,WhatsApp,Individual
"Salary Credited: Your ICICI account XX4910 credited with Rs 65,000.00 via NEFT. [71]",Safe,0,No,No,No,No,No,No,SMS,Bank
Your Kindle ebook purchase confirmation. Order #402-981204-123. Total: $9.99. [72],Safe,0,No,No,No,No,No,No,Email,Company
Good morning team! Please review the attached slide deck before our 11 AM client presentation. [73],Safe,0,No,No,No,No,No,No,WhatsApp,Individual
Your prescription from CVS Pharmacy #4821 is ready for pickup. Hours today: 8 AM - 9 PM. [74],Safe,0,No,No,No,No,No,No,SMS,Company
"Hey man, did you see the football match last night? What a goal in stoppage time!! ⚽🔥 [75]",Safe,0,No,No,No,No,No,No,WhatsApp,Individual
Thanks for inviting us over for dinner yesterday! Everything was delicious 😋 [76],Safe,0,No,No,No,No,No,No,WhatsApp,Individual
"Hey, can u lend me $20 for petrol? I will Venmo u back as soon as I get home! [77]",Safe,0,Yes,Yes,No,No,No,No,WhatsApp,Individual
Happy Birthday Alex!! Hope you have a wonderful year ahead filled with happiness 🥳🎂 [78],Safe,0,No,No,No,No,No,No,SMS,Individual
"Dear Valued Customer, thank you for contacting Zendesk Support. Ticket #88410 has been resolved. [79]",Safe,0,No,No,No,No,No,No,Email,Company
"Dear SBI Customer, as per regulations, please update your periodic KYC by visiting your home branch. [80]",Safe,0,No,No,Yes,No,No,No,SMS,Bank
"Hi Sarah, thanks for attending the interview today! We will get back to you with feedback by Friday. [81]",Safe,0,No,No,No,No,No,No,Email,Company
"Don't forget to buy grocery items on ur way home from office. Need bread, milk, and eggs! [82]",Safe,0,No,No,No,No,No,No,WhatsApp,Individual
Your monthly broadband bill of Rs. 799 for account 9012849 is generated. Due date: 15-Aug-2026. [83],Safe,0,No,Yes,No,No,No,No,SMS,Company
Confirmation: Your appointment at Passport Seva Kendra is confirmed for 12-Aug-2026 at 10:15 AM. [84],Safe,0,No,No,No,No,No,No,Email,Government
"Hey bro, are we still going for hiking this Sunday morning? Let me know the plan. [85]",Safe,0,No,No,No,No,No,No,WhatsApp,Individual
"Salary Credited: Your ICICI account XX4910 credited with Rs 65,000.00 via NEFT. [86]",Safe,0,No,No,No,No,No,No,SMS,Bank
Your Kindle ebook purchase confirmation. Order #402-981204-123. Total: $9.99. [87],Safe,0,No,No,No,No,No,No,Email,Company
Good morning team! Please review the attached slide deck before our 11 AM client presentation. [88],Safe,0,No,No,No,No,No,No,WhatsApp,Individual
Your prescription from CVS Pharmacy #4821 is ready for pickup. Hours today: 8 AM - 9 PM. [89],Safe,0,No,No,No,No,No,No,SMS,Company
URGENT: Your account ending in 4092 has been temporarily locked due to suspicious login attempts. Verify now at http://secure-bank-login-portal.com to restore full access.,Phishing Scam,1,Yes,No,Yes,Yes,Yes,No,SMS,Bank
"Dear customer, your electricity connection will be disconnected tonight at 9:30 PM due to unpaid bills. Contact power office executive at 9876543210 immediately.",Phishing Scam,1,Yes,Yes,No,No,Yes,No,SMS,Company
Congratulations! You have been selected to win a $500 Amazon Gift Card. Claim your reward immediately at http://bit.ly/claim-reward-500 before it expires!,Phishing Scam,1,Yes,No,No,Yes,No,Yes,SMS,Unknown
Your package delivery #88219 has been paused due to an incomplete delivery address. Please update your details here: http://track-parcel-update.com,Phishing Scam,1,No,No,Yes,Yes,No,No,SMS,Company
"Dear user, your Netflix subscription payment failed. To avoid cancellation of services, update your billing info within 24 hours at http://netflix-billing-update.com",Phishing Scam,1,Yes,Yes,Yes,Yes,Yes,No,Email,Company
"Hi mom, I lost my phone and I'm texting from a friend's device. Can you please transfer $250 to this account for my taxi fare? I will pay you back tonight.",Phishing Scam,1,Yes,Yes,No,No,No,No,WhatsApp,Individual
Alert from Tax Dept: You are eligible for an immediate tax refund of $480. Submit your banking details at http://gov-tax-refund-portal.org to process payment.,Phishing Scam,1,No,Yes,Yes,Yes,No,Yes,Email,Government
"Your OTP for payment authorization of $1,299.00 at TechStore is 884920. If this was not you, call fraud helpline immediately at 1-800-555-0199.",Phishing Scam,1,Yes,No,No,No,Yes,No,SMS,Bank
We noticed unusual activity on your PayPal account. Access to your funds will be restricted unless you confirm your identity at http://paypal-security-check.net,Phishing Scam,1,Yes,No,Yes,Yes,Yes,No,Email,Company
Earn $300-$800 daily by working 1 hour from home reviewing products online. No experience needed! Message us on WhatsApp now to start immediately.,Phishing Scam,1,No,No,No,No,No,Yes,WhatsApp,Unknown
"Dear Customer, your KYC documents have expired. Your SIM card will be deactivated in 24 hours. Submit your details now at http://telecom-kyc-update.com",Phishing Scam,1,Yes,No,Yes,Yes,Yes,No,SMS,Company
Final warning: Court notice issued against you regarding unpaid taxes. Call federal officer immediately at 555-0143 to prevent arrest warrant.,Phishing Scam,1,Yes,Yes,No,No,Yes,No,SMS,Government
"Hey friend! Look at this photo of you from last weekend, is this really you? http://social-media-pics-viral.com/view",Phishing Scam,1,No,No,No,Yes,No,No,WhatsApp,Unknown
"Your recent order #UK-9921 for iPhone 15 Pro Max ($1,199.00) was successfully placed. If you did not make this purchase, click http://order-cancel-verify.com",Phishing Scam,1,Yes,Yes,No,Yes,No,No,Email,Company
"Dear Job Seeker, your resume has been shortlisted for HR Manager role at Global Tech. Salary $8,500/month. Pay $150 processing fee to reserve interview slot.",Phishing Scam,1,No,Yes,No,No,No,Yes,Email,Company
Plz verify your account info immediately or ur service will be terminated. Click http://verify-info-now.cc/login,Phishing Scam,1,Yes,No,Yes,Yes,Yes,No,SMS,Unknown
"Congratulations! Your mobile number won $1,000,000 in the International Lottery. To claim, send your full name, home address, and bank account details.",Phishing Scam,1,No,Yes,Yes,No,No,Yes,Email,Unknown
"Alert: Someone tried to login to your Apple ID from Moscow, Russia. If this wasn't you, reset your password now at http://appleid-security-auth.com",Phishing Scam,1,Yes,No,Yes,Yes,No,No,Email,Company
"Hello, I am Mr. David from Global Finance. We approved your pre-qualified loan of $50,000 at 2% interest rate. Reply YES to proceed with registration.",Phishing Scam,1,No,Yes,Yes,No,No,Yes,WhatsApp,Unknown
Notice: Your auto insurance policy is expiring today. Renew now with 50% discount at http://cheap-insurance-renewal.com before midnight!,Phishing Scam,1,Yes,Yes,No,Yes,No,Yes,SMS,Company
Your account was charged $499.99 for annual Antivirus renewal. Call support at 1-888-555-0188 to cancel and request instant refund.,Phishing Scam,1,No,Yes,No,No,No,No,Email,Company
Urgent update from Customs: Your parcel is held at the warehouse due to unpaid customs fee of $4.50. Pay fee at http://customs-duty-clearance.com,Phishing Scam,1,Yes,Yes,No,Yes,No,No,SMS,Government
"Hi dear, I am in desperate need of help. I am stuck at the airport and my card is blocked. Can you send $100 to my account? I will refund you tomorrow.",Phishing Scam,1,Yes,Yes,No,No,No,No,WhatsApp,Individual
Your crypto wallet has been selected for 0.5 BTC giveaway! Connect your wallet now at http://crypto-airdrop-bonus.org to receive tokens.,Phishing Scam,1,No,No,Yes,Yes,No,Yes,WhatsApp,Unknown
ATTENTION: Suspicious withdrawal request of $850 detected from your credit card. Reply STOP to cancel or click http://bank-card-shield.com,Phishing Scam,1,Yes,Yes,No,Yes,No,No,SMS,Bank
We are upgrading our security servers. All customers must re-verify their debit card CVV and PIN at http://bank-security-upgrade.com within 12 hrs.,Phishing Scam,1,Yes,No,Yes,Yes,Yes,No,Email,Bank
Your rewards points ($180 value) are set to expire tonight. Redeem them for cash transfer now at http://rewards-redemption-center.com,Phishing Scam,1,Yes,Yes,No,Yes,No,Yes,SMS,Bank
"Dear Customer, your internet bill is overdue. Pay $35 before 6 PM today to avoid service suspension. Pay here: http://quick-bill-pay-portal.com",Phishing Scam,1,Yes,Yes,No,Yes,Yes,No,SMS,Company
Hello! You have 1 new voice message. Click http://voicemail-access-online.com/play to listen to the audio file.,Phishing Scam,1,No,No,No,Yes,No,No,SMS,Unknown
Important Notice: Your social security record shows fraudulent activity. Contact Federal Bureau immediately at 800-555-0112 to verify identity.,Phishing Scam,1,Yes,No,Yes,No,Yes,No,SMS,Government
"Hey, this is Sarah from HR. We are reviewing your job application. Please confirm your date of birth and SSN by replying to this email so we can finalize.",Phishing Scam,1,No,No,Yes,No,No,No,Email,Company
"Special promotion: Invest $200 in our automated crypto trading bot and guarantee $2,000 return in 48 hours! Visit http://guaranteed-crypto-profit.com",Phishing Scam,1,No,Yes,No,Yes,No,Yes,WhatsApp,Unknown
"Your refund request for $650.00 is being processed. If you did not request this refund, click http://merchant-refund-check.com to cancel transaction.",Phishing Scam,1,No,Yes,No,Yes,No,No,Email,Company
Warning: Your cloud storage is full and your photos will be permanently deleted in 6 hours. Upgrade now for $1 at http://cloud-storage-extend.com,Phishing Scam,1,Yes,Yes,No,Yes,Yes,No,SMS,Company
Congratulations! You won a brand new iPad Pro. Click http://claim-free-ipad-today.com and enter your credit card for $1 shipping fee.,Phishing Scam,1,No,Yes,Yes,Yes,No,Yes,SMS,Unknown
Your streaming service account has been suspended due to payment issues. Update your card details at http://stream-account-reactivate.com to resume watching.,Phishing Scam,1,Yes,Yes,Yes,Yes,Yes,No,Email,Company
Security Alert: Multiple failed attempts to enter your online banking password. Please update your security questions at http://secure-pass-reset.com,Phishing Scam,1,Yes,No,Yes,Yes,Yes,No,Email,Bank
"Dear user, you have been selected for a paid survey. Complete it in 5 mins and receive $50 instantly in your PayPal account. Start: http://survey-payouts.net",Phishing Scam,1,No,No,No,Yes,No,Yes,Email,Unknown
"Urgent: Your health insurance policy requires immediate verification. Reply with your full name, DOB, and policy number to prevent coverage cancellation.",Phishing Scam,1,Yes,No,Yes,No,Yes,No,Email,Company
Your online order cannot be processed. Please confirm your card CVV and billing address at http://store-checkout-verify.com to complete shipment.,Phishing Scam,1,Yes,Yes,Yes,Yes,No,No,Email,Company
Hi! I mistakenly sent my verification code to your phone number. Can you please text me back the 6-digit code you just received? Thanks!,Phishing Scam,1,Yes,No,Yes,No,No,No,SMS,Individual
Your account balance is negative ($42.10). Pay now to avoid $35 late fee. Click http://pay-overdue-balance.com,Phishing Scam,1,Yes,Yes,No,Yes,Yes,No,SMS,Bank
"Dear Member, your loyalty club points will expire at midnight. Convert your 50,000 points into cash now: http://loyalty-cash-out.com",Phishing Scam,1,Yes,Yes,No,Yes,No,Yes,Email,Company
URGENT legal summons: You have failed to appear in court. Pay outstanding fine of $250 immediately at http://court-fines-online.gov.pay-portal.cc,Phishing Scam,1,Yes,Yes,No,Yes,Yes,No,SMS,Government
"Hi, I saw your listing on Craigslist. Is this item still available? I want to buy it immediately. I will pay extra $50 for shipping via http://secure-pay-hold.com",Phishing Scam,1,No,Yes,No,Yes,No,Yes,WhatsApp,Individual
Your bank card has been blocked due to safety reasons. Please visit http://card-unblock-portal.com and enter your card details to unblock.,Phishing Scam,1,Yes,No,Yes,Yes,Yes,No,SMS,Bank
Exclusive offer! Get 90% discount on luxury watches today only. Shop now at http://luxury-watches-outlet-sale.com before stock runs out!,Phishing Scam,1,Yes,Yes,No,Yes,No,Yes,Email,Company
Alert: Unauthorized login detected on your crypto wallet from IP 192.168.1.1. Lock your wallet now at http://crypto-wallet-lock.com,Phishing Scam,1,Yes,No,Yes,Yes,Yes,No,Email,Unknown
"Dear Customer, your home wifi router firmware is outdated and vulnerable to attacks. Update immediately at http://router-firmware-fix.com",Phishing Scam,1,Yes,No,No,Yes,Yes,No,Email,Company
"Your online loan application of $10,000 is approved! Transfer $99 processing fee to claim funds at http://instant-loan-disbursement.com",Phishing Scam,1,No,Yes,No,Yes,No,Yes,SMS,Company
ALERT: Your PhonePe UPI handle has been suspended due to pending KYC verification. Click http://phonepe-kyc-verify-portal.in to update identity details now.,UPI Scam,1,Yes,No,Yes,Yes,Yes,No,SMS,Company
"Sir, I accidentally transferred ₹4,500 to your GPay UPI ID instead of my brother. Please send it back to my GPay number 9876543210 immediately!! 😭",UPI Scam,1,Yes,Yes,No,No,No,No,WhatsApp,Individual
You have received a cashback reward of ₹850 on your recent Google Pay transaction! Click http://gpay-cashback-reward-claim.net to collect direct to your bank.,UPI Scam,1,No,No,No,Yes,No,Yes,SMS,Company
"Dear Customer, your PayTM UPI pin was entered incorrectly 3 times. Verify your UPI PIN & ATM card CVV at http://paytm-security-reset.org to reactivate.",UPI Scam,1,Yes,No,Yes,Yes,Yes,No,Email,Company
"Hi, I am interested in buying your OLX sofa listing. I am sending you a UPI payment request link. Enter your UPI PIN on the link to receive ₹12,000 credit.",UPI Scam,1,No,Yes,Yes,Yes,No,No,WhatsApp,Individual
URGENT: Suspicious activity detected on your BHIM UPI account. Your account will be frozen within 2 hours. Call our helpline at 1800-555-0199 to resolve.,UPI Scam,1,Yes,No,No,No,Yes,No,SMS,Bank
"Congratulations! You won ₹25,000 in the Diwali UPI Lucky Draw! Claim your money now by clicking http://upi-diwali-reward-payout.com",UPI Scam,1,No,No,No,Yes,No,Yes,WhatsApp,Unknown
"Dear user, your bank UPI auto-debit of ₹2,499 for Amazon Prime is scheduled today. If you did not request this, cancel now at http://upi-mandate-cancel.info",UPI Scam,1,Yes,Yes,No,Yes,No,No,Email,Bank
Plz accept this collect request on GPay for ₹5000 to verify your bank account for your work from home job salary credit.,UPI Scam,1,No,Yes,No,No,No,Yes,WhatsApp,Unknown
"Dear Customer, your SBI UPI service is blocked as per RBI guidelines. Submit your identity details immediately at http://sbi-upi-kyc-update.com",UPI Scam,1,Yes,No,Yes,Yes,Yes,No,SMS,Bank
"Hey bro, I mistakenly sent ₹1,200 to ur Paytm UPI handle while paying for groceries. Plz transfer it back to 9123456789. I really need it for medical bill 🙏",UPI Scam,1,Yes,Yes,No,No,No,No,WhatsApp,Individual
"Your ICICI UPI ID has been credited with ₹3,500 cash bonus. Accept payment request and enter PIN to finalize transfer.",UPI Scam,1,No,No,No,No,No,Yes,SMS,Bank
Hi! I want to purchase your laptop posted on Facebook Marketplace. I will pay total amount in advance via UPI scan QR code. Scan code to receive funds.,UPI Scam,1,No,Yes,No,No,No,No,WhatsApp,Individual
Warning: Your HDFC UPI registration will expire tonight. Re-link your mobile number and confirm OTP at http://hdfc-upi-linking-portal.net,UPI Scam,1,Yes,No,Yes,Yes,Yes,No,Email,Bank
"You received a pay request of ₹9,999 from Army Canteen Store. Enter your 6-digit UPI pin to approve receipt of payment for vehicle deposit.",UPI Scam,1,No,Yes,Yes,No,No,No,SMS,Individual
"GPay Notification: You've received a scratch card worth up to ₹1,000! Tap http://gpay-scratch-card-win.com to redeem directly into your linked bank account.",UPI Scam,1,No,No,No,Yes,No,Yes,SMS,Company
"Dear customer, your Amazon Pay UPI account requires mandatory KYC update as per government regulations. Click http://amazon-kyc-upi-update.in",UPI Scam,1,No,No,Yes,Yes,No,No,Email,Company
"ATTENTION: ₹15,800 has been debited from your account via UPI transaction ID 99281. If you didn't approve this, click http://upi-fraud-dispute-resolve.cc immediately.",UPI Scam,1,Yes,Yes,No,Yes,Yes,No,SMS,Bank
"Hi, this is Rahul from PhonePe Customer Care. We noticed a failed transaction of ₹800 on your account. To process refund, share the 6-digit OTP sent to your phone.",UPI Scam,1,Yes,Yes,Yes,No,No,Yes,SMS,Company
Get guaranteed 10% cash refund on every UPI transfer using our new payment gateway extension! Download app now: http://fast-upi-pay-cashback.org,UPI Scam,1,No,No,No,Yes,No,Yes,WhatsApp,Unknown
Urgent Notice: Your BHIM UPI ID is linked to unauthorized transactions. Complete mandatory verification at http://bhim-security-check.com or face legal action.,UPI Scam,1,Yes,No,Yes,Yes,Yes,No,Email,Government
"Hi ma'am, I am calling from Axis Bank UPI wing. Your UPI limit has been upgraded to 2 Lakhs. Kindly authorize the collect request sent on your PhonePe to activate.",UPI Scam,1,No,Yes,No,No,No,Yes,WhatsApp,Bank
"Dear Valued Customer, receive ₹500 INSTANT cashback by completing a quick feedback survey for Paytm UPI. Start here: http://paytm-survey-rewards.net",UPI Scam,1,No,No,No,Yes,No,Yes,SMS,Company
"Urgent refund alert! ₹3,200 pending refund for your cancelled Flipkart order. Click http://upi-instant-refund-claim.com and enter your bank details.",UPI Scam,1,Yes,Yes,Yes,Yes,No,Yes,SMS,Company
"Hey mate, sent u ₹2000 by mistake on Google Pay instead of my roommate. Plz re-send to 9811223344. God bless u!",UPI Scam,1,No,Yes,No,No,No,No,SMS,Individual
"Dear User, your UPI Autopay mandate for Electricity Bill ₹4,120 has failed. Pay immediately to prevent power cut tonight: http://quick-upi-utility-pay.com",UPI Scam,1,Yes,Yes,No,Yes,Yes,No,SMS,Company
SECURITY ALERT: Someone logged into your PhonePe account from a new device in Kolkata. Lock your UPI account now: http://phonepe-device-lock.com,UPI Scam,1,Yes,No,No,Yes,Yes,No,Email,Company
Earn ₹500 per day by sending simple UPI test payments for our merchant network! Message us on WhatsApp to join our testing team.,UPI Scam,1,No,Yes,No,No,No,Yes,WhatsApp,Unknown
Your Kotak Bank UPI access will be blocked within 24 hours due to non-compliance of security guidelines. Verify your identity at http://kotak-upi-verify.com,UPI Scam,1,Yes,No,Yes,Yes,Yes,No,SMS,Bank
"Hi, I am buying your online product. I sent a payment approval request of ₹3,000 on your GPay. Please enter your UPI PIN to approve the credit.",UPI Scam,1,No,Yes,Yes,No,No,No,WhatsApp,Individual
"Dear customer, your UPI transaction of ₹12,000 is stuck in pending state. To complete the transfer or request refund, visit http://upi-pending-transaction-fix.org",UPI Scam,1,Yes,Yes,No,Yes,No,No,SMS,Bank
URGENT: Your UPI ID has been temporarily suspended due to multiple failed pin attempts. Click http://reset-upi-pin-online.com to reset your security PIN now.,UPI Scam,1,Yes,No,Yes,Yes,Yes,No,SMS,Bank
"Congratulations! You won ₹10,000 in CRED UPI Jackpot. Open app link http://cred-jackpot-winner-claim.net to transfer funds directly to your bank account.",UPI Scam,1,No,No,No,Yes,No,Yes,WhatsApp,Company
"Heloo sir, I am army clerk Officer Sharma. I want to pay advance room rent ₹15,000 via UPI QR code. Scan QR code and enter PIN to accept army transfer.",UPI Scam,1,No,Yes,Yes,No,No,No,WhatsApp,Individual
"Dear User, your electricity bill payment of ₹1,850 via PhonePe failed but money was debited. Click http://power-bill-refund-upi.com to initiate instant reverse transfer.",UPI Scam,1,Yes,Yes,No,Yes,No,Yes,Email,Company
Notice: RBI has updated national UPI security protocol. Mandatory re-registration required for all account holders at http://rbi-upi-portal-compliance.gov.in.pay-sec.cc,UPI Scam,1,Yes,No,Yes,Yes,Yes,No,Email,Government
"Hi, I am interested in renting your flat. I am sending you a ₹10,000 UPI barcode. Just scan it with your camera and type your PIN to get deposit in bank.",UPI Scam,1,No,Yes,Yes,No,No,No,WhatsApp,Individual
"Urgent: ₹8,999 debited from your account towards Merchant Pay. If this was not done by you, block your UPI account immediately at http://block-upi-transfers.com",UPI Scam,1,Yes,Yes,No,Yes,Yes,No,SMS,Bank
"Dear Customer, you have unredeemed PhonePe reward points worth ₹1,450. Convert points to cash before midnight: http://phonepe-points-redeem-cash.com",UPI Scam,1,Yes,No,No,Yes,No,Yes,SMS,Company
"Alert: Unclaimed UPI refund of ₹2,100 waiting in your queue. Click http://claim-pending-upi-refund.net to submit bank account and IFSC code.",UPI Scam,1,No,Yes,Yes,Yes,No,Yes,Email,Unknown
"Plz send back ₹3000 i sent to u by mistake on Paytm, my mother is in hospital i really need this money right now sir please help 🙏🙏",UPI Scam,1,Yes,Yes,No,No,No,No,WhatsApp,Individual
"Dear User, your Google Pay rewards account will expire today. Claim your ₹750 merchant voucher immediately at http://gpay-rewards-vouchers.com",UPI Scam,1,Yes,No,No,Yes,No,Yes,SMS,Company
URGENT BHIM UPI ALERT: Account frozen due to mismatch in profile data. Verify your bank account credentials now at http://bhim-profile-sync.com,UPI Scam,1,Yes,No,Yes,Yes,Yes,No,Email,Government
"Hi! You have been selected for ₹5,000 cashback on your first 3 UPI transactions of the month! Claim reward now: http://upi-cashback-offer-today.com",UPI Scam,1,No,No,No,Yes,No,Yes,WhatsApp,Unknown
"Dear Customer, your UPI VPA handle is suspended. To reactivate your UPI service and prevent permanent blockage, update profile at http://reactivate-vpa-upi.com",UPI Scam,1,Yes,No,Yes,Yes,Yes,No,SMS,Bank
"Sir I am calling from Paytm customer support. Your UPI refund for ₹1,500 was rejected by bank. Share your debit card number and OTP to receive direct credit.",UPI Scam,1,Yes,Yes,Yes,No,No,Yes,SMS,Company
Warning! Your daily UPI transaction limit has been exceeded due to suspicious activity. Reset your limit immediately at http://upi-limit-reset-portal.com,UPI Scam,1,Yes,No,No,Yes,Yes,No,Email,Bank
"Congratulations! You won ₹50,000 in Kaun Banega Crorepati UPI Lucky Draw. Contact KBC executive on WhatsApp 9900112233 to claim cash prize!",UPI Scam,1,No,No,No,No,No,Yes,WhatsApp,Unknown
"Dear user, your recent UPI transfer of ₹450 to Swiggy was charged twice. Click http://swiggy-double-charge-refund.com to initiate instant reverse transfer.",UPI Scam,1,No,Yes,No,Yes,No,Yes,Email,Company
"Hey, I accidentally initiated a UPI collect request of ₹1,000 instead of sending it to you. Please decline it or just approve it and I will send u ₹2,000 back!",UPI Scam,1,No,Yes,No,No,No,Yes,WhatsApp,Individual
